{
  "COMMON": {
    "ReGenOTPSuccess": "New OTP created successfully, please check Email",
    "ReGenOTP": "Regenerate OTP code",
    "HistoryApproveLevel": "History Approved Level",
    "chonnguoithaythe": "Haven't still replacer",
    "NguoiThayThe": "Replacer",
    "AddNew": "Add new",
    "Year": "Year",
    "OrderBy": "Sort by",
    "Status": "Status",
    "Day": "Day(s)",
    "Hour": "Hour(s)",
    "Minute": "Minute(s)",
    "MonthNames": [
      "Jan",
      "Feb",
      "Mar",
      "Apr",
      "May",
      "Jun",
      "Jul",
      "Aug",
      "Sep",
      "Oct",
      "Nov",
      "Dec"
    ],
    "DayNamesShort": ["Su", "Mo", "Tu", "We", "Th", "Fr", "Sa"],
    "DayNames": [
      "Sunday",
      "Monday",
      "Tuesday",
      "Wednesday",
      "Thursday",
      "Friday",
      "Saturday"
    ],
    "AM": "AM",
    "PM": "PM",
    "FromDate": "From Date",
    "FromTime": "From Time",
    "ToTime": "To Time",
    "ToDate": "To Date",
    "OK": "OK",
    "Cancel": "Cancel",
    "Attach": "Attach",
    "Download": "Download",
    "Delete": "Delete",
    "Submit": "Submit",
    "ReSubmit": "Resubmit",
    "Error": "Error",
    "Success": "Success",
    "Alert": "Alert",
    "Warning": "Warning",
    "NoDataFound": "No Data Found !!",
    "View": "View",
    "Month": "Month",
    "Refresh": "Refresh",
    "ListStatus": [
      { "key": 1, "name": "Pending" },
      { "key": 5, "name": "Pending for approval of cancelation" },
      { "key": 2, "name": "Approved" },
      { "key": 3, "name": "Refuse" },
      { "key": 6, "name": "Cancelled" },
      { "key": 7, "name": "Return" },
      { "key": 8, "name": "Returned" }
    ],
    "Search": "Search",
    "Employee": "Employee",
    "Listfile": "List file attach",
    "Department": "Department",
    "Read": "Read",
    "Save": "Save",
    "Clear": "Clear",
    "ClearToken": "Clear the current login session?",
    "ClearAllToken": "Clear all sessions?",
    "ConfirmUpdateErrorCode": "Do you want to update error code?",
    "ErrorSystem": "System Error",
    "Loading": "Loading...",
    "NumberOfPeople": "Number",
    "Close": "Close",
    "Detail": "Detail",
    "HinhThuc": "Form",
    "Version": "Version build",
    "MsgNewApp": "SYSTEM HAS NEW UPDATES. CLICK AGREE TO RESTART THE APP",
    "MsgCurVersion": "Current Version",
    "MsgNewVersion": "New Version",
    "MsgChangeNetWork": "This device is change NetWork. Please choose 'Ok' to Reload.",
    "DongYDeBoQua": "Agree to send Request",
    "Reason": "Reason",
    "Details": "Details",
    "UyQuyenCho": "Authorizer"
  },
  "NOTIFY": {
    "chonnguoithaythe": "Haven't choosen replacer",
    "HighAccuracy": "Maybe you turn off precise location. Please check and try again",
    "IsPayDisible": "Staff not have permission leave day off sub",
    "JustOne": "Just choose one row",
    "EnterNote": "Configed require enter reason when regist, please enter reason!",
    "GrantedNotifications": "Failed to get push token for push notification!",
    "EnterType": "Please Enter Type",
    "EnterFromDate": "Please Enter From Date",
    "EnterToDate": "Please Enter To Date",
    "EnterTime": "Please Enter Time",
    "EnterDate": "Please Enter Date",
    "EnterHourNum": "Please Enter Hour Num",
    "EnterHourDay": "Please Enter Day Num",
    "EnterHourDayLargerThanHalfDay": "Enter hour day larger than half day",
    "EnterHourDayNumberIncrease": "Please enter the number of days to increase in odd numbers",
    "EnterReason": "Please Enter Reason",
    "UpdateSuccess": "Update Successfully",
    "DataNotFound": "Data Not Found",
    "EnterApproveNote": "Please Enter ApproveNote",
    "EnterKowCode": "Please Enter Kow Code",
    "FileNotSupported": "File format not supported.",
    "NoRecord": "No record selected",
    "DeleteSuccess": "Deleted files",
    "Onlyonefile": "Only choose a file",
    "EnterSubject": "Please Enter Subject",
    "EnterContent": "Please Enter Content",
    "CreateSuccess": "Create Success",
    "CreateError": "Create Error",
    "CheckConnection": "Please check your connection!",
    "ErrorFormatCost": "Cost is format number",
    "EnterTimeSelected": "Please Enter Time",
    "StartDownloading": "Start Downloading",
    "FinishDownloading": "Finish Downloading",
    "NoPermissionFunction": "No Permission Function",
    "EnterDepartmentCode": "Please Enter Department",
    "LoadingRegistration": "Loading registration form data, please wait...",
    "LocationIsNotAvailable": "Location is not available. Please enable location on your device",
    "NetworkInfoIsNotAvailable": "Network info is not available",
    "LocationNameIsNotAvailable": "The current address name could not be found",
    "CongPhuNuViPhamThang": "This type of Kow is only registered once a month",
    "ChuaThietLapHangNgayTheoGio": "Leave's object not set type of 'Daily by hour'",
    "EntenReasonWhenReject": "Please enter your approval comments",
    "EnterDeptTo": "Please select Department to",
    "EnterManger": "Please select Manager",
    "EnterShift": "Please select Shift",
    "EnterEmployeeSecondment": "Please select employee",
    "LockEmps": "There are employees in the locked department. The system will ignore these employees.",
    "DayOffLockData": "The holiday is already in the locked feat"
  },
  "EmployeeDirectory": {
    "Employee": "Employee",
    "Myteam": "Myteam",
    "Office": "Department",
    "PostNew": "Post New"
  },
  "Secondment": {
    "ShortTermTransferList": "Short term transfer list",
    "Detail": "Short-term Secondment Request Details",
    "RequestDate": "Register date",
    "WorkDate": "Secondment date",
    "FromDate": "From Date",
    "ToDate": "To Date",
    "Infomation": "Infomation",
    "Title": "Register for short-term secondment",
    "Manager": "Manager",
    "DepartmentTo": "Department to",
    "Shift": "Shift",
    "Note": "Note"
  },
  "COMPONENT": {
    "MyProfile": "Employee profile",
    "MyTeam": "My Team",
    "EmployeeDirectory": "Employee Directory",
    "Events": "Regulation",
    "News": "News",
    "EmployeeAttendance": "EmployeeAttendance",
    "Manager": "Manager",
    "QA": "Question & Request",
    "PaySlip": "Pay Slip",
    "Notification": "Notification",
    "NotificationDetails": "Notification Details"
  },
  "LOGIN": {
    "Version": "Version",
    "Username": "User name",
    "Password": "Password",
    "Login": "Login",
    "CopyRight": "CopyRight \u00A9 2020 | Lac Viet Computing Corp",
    "TypeUserName": "Please Type User Name",
    "TypePassword": "Please Type Password",
    "IsMaintenance": "The system is maintenance. Please come back later.",
    "Error": "Error!",
    "Title1": "Human Resource",
    "Title2": "Management System",
    "Header": "SureHCS",
    "Footer": "Lac Viet Computing Corp",
    "HeaderTienThu": "Tien Thu",
    "FooterTienThu": "Tien Thu Corporation",
    "DoUWantSignOut": "Do you want to sign out of the app?",
    "ForgetPasswords": "ForgetPassword",
    "LogOutAzure": "Log Out Azure",
    "Service": "Serivce Selected: ",
    "ClearCache": "Clear Cache",
    "ForgotPassword": "Forgot password?",
    "BackToLogin": "Back to login",
    "ResetPassword": "Reset password",
    "EnterOTP": "Enter OTP",
    "EnterUsername": "Enter Username",
    "EmailInfor": "The system will send password reset information to the email set up in the Employee Profile",
    "NotiOTP": "The system will send OTP code to the email set up in the Employee Profile",
    "SendMail": "Send Email",
    "GetOTP": "Get OPT code",
    "SendOTP": "Confirm",
    "Sent": "Request sent successfully",
    "SendInfor": "The system has sent password reset information to your email, please check your email to get password reset information",
    "TypeOTPSussess": "Confirm OTP code successfully, the system sends new password to employee's Email"
  },
  "PASSWORD": {
    "OldPwd": "Old Password",
    "NewPwd": "New Password",
    "ConfimPwd": "Confirm Password",
    "ButtonSubmit": "Submit",
    "ButtonCancel": "Cancel"
  },
  "CHANGEPASSWORD": {
    "PleaseEnterCurrentPassword": "Please Enter Current Password",
    "PleaseEnterNewPassword": "Please Enter New Password",
    "PleaseEnterConfirmPassword": "Please Enter Confirm Password",
    "ConfirmPasswordAndNewPassword": "New password and confirmation password do not match.",
    "ChangePassWordSuccess": "Change Password Success",
    "OldPasswordNotCorrect": "Current password Not Correct"
  },
  "HomePage": {
    "MyProfile": "Employee profile",
    "ChangePassword": "Change password",
    "EmployeeAttendance": "Employee Attendance",
    "SignOut": "Sign out",
    "clearToken": "Clear the current login session",
    "clearAllToken": "Clear all login sessions",
    "Notification": "Notification",
    "SearchFunction": "Search",
    "changePass": "Change Password",
    "Version": "App version"
  },
  "LEAVE_REQUEST": {
    "SummerFund": "Summer fund",
    "RegisInstead": "Regist instead",
    "DayOffNum": "Leave Taken",
    "VacationF": "Leave Entitlement",
    "VacationFCurrent": "Earned leave",
    "DaNghi": "days off",
    "Title": "leave application Details",
    "New": "Leave application",
    "Detail": " leave application Details",
    "Used": "Carry foward",
    "Available": "Unused annual leave",
    "Infomation": "Information",
    "Status": "Status",
    "Pending": "Pending for approval",
    "Approved": "Approved",
    "Approve": "Approval",
    "Reject": "Refuse",
    "Wait": "Wait",
    "Cancelled": "Cancelled",
    "PleaseCancel": "Cancel Registration",
    "RequestDate": "Application date",
    "LeaveDetail": "Detailed Information",
    "Type": "Leave period",
    "Kind": "Leave type",
    "Time": "From to",
    "Reason": "Reason for leave",
    "ReasonDestroy": "Reason for cancellation",
    "WriteDownReasonLeave": "Please state the reason for leave",
    "AllDay": "All Day",
    "AllMorning": "Only Morning",
    "AllAfternoon": "All Afternoon",
    "KowCode": "Type of leave",
    "ConfirmDirectRegisterExtraOffDay": "You still have time off in lieu, would you like to use it?",
    "DayNum": "Total Date",
    "HourNum": "Total leave hours",
    "SoCon": "Child num",
    "LoaiSinh": "Birth type",
    "ThongTinThaiSan": "Leave detail",
    "SILeaveNo": "No. SI",
    "ngaysinhcuacon": "Child date",
    "ThongTinVoSinh": "Information on maternity leave",
    "IsNewChildUnder32W": "Giving birth under 32 weeks",
    "SoNgayDuocHuongCheDo": "Standard(Date)",
    "SoNgayDaNghi": "Vacated(Day)",
    "MealFromTime": "Meal time between shifts - From",
    "MealToTime": "Meal time between shifts - To",
    "SoPhepConLai": "AL remaining this year",
    "ConThangNay": "This month",
    "CancelReason": "Cancel reason",
    "tieuchuan": "Leave Entitlement",
    "connamtruoc": "Old leave",
    "danghidennay": "Unused leave",
    "dangchoduyettrongthang": "Approvals pending this month",
    "datinhnghitrongthang": "Leave taken this month",
    "conlai": "Remaining"
  },
  "BUSINESS_TRIP": {
    "Attach": "Attach",
    "NoiLuuTru": "Accommodation",
    "Title": "Business travel application",
    "ApproveTitle": "Business Trip ",
    "New": "Business Travel application",
    "Detail": "Business Travel application Details",
    "ApproveDetail": "Business Travel Application Details",
    "Used": "Used",
    "Available": "Available",
    "Infomation": "Information",
    "Status": "Status",
    "Pending": "Pending for Approval",
    "Approved": "Approved",
    "Approve": "Approval",
    "Reject": "Refuse",
    "Wait": "Wait",
    "Cancelled": "Cancelled",
    "PleaseCancel": "Cancel Registration",
    "RequestDate": "Application Date",
    "LeaveDetail": "Detailed Information",
    "Type": "Work type",
    "Time": "Period",
    "Destination": "Destination",
    "PurposeOfTrip": "Purpose of business trip",
    "ReasonDestroy": "Reason for cancellation",
    "WriteDownPurposeOfTrip": "Purpose of business travel",
    "AllDay": "All Day",
    "AllMorning": "Only Morning",
    "AllAfternoon": "All Afternoon",
    "DayNum": "No. of days",
    "KindTrip": "Type of business travel",
    "TypeTrip": "Transportation",
    "OtherRequest": "Additional request",
    "Employee": "Employee",
    "ListEmployee": "List Employee",
    "Filter": "Filter",
    "Note": "Trip schedule in details",
    "ComeTo": "Destination",
    "Cost": "Cost",
    "KowCode": "Workday code",
    "ApproveNote": "Opinion",
    "ApproveNotePlaceholder": "Approval content of the approval level when performing review.",
    "Attachment": "Attachment",
    "Delete": "Delete",
    "ListAttachment": "List of attachment file",
    "NumDayDifTimeSelected": "The number of days does not match the number of days you are choosing",
    "Reason": "Reason of cancling"
  },
  "LEAVE_APPROVE": {
    "Title": "My Leave Approve",
    "Detail": "leave application Details",
    "ApproveNote": "Opinion",
    "ApproveNotePlaceholder": "Approval content of the approval level when performing review.",
    "Cancelled": "Cancelled",
    "Approved": "Approved",
    "Approve": "Approve",
    "TotalTime": "Total Date",
    "RequestDate": "Application date",
    "KowCode": "Type of leave",
    "Time": "From To"
  },
  "OT_REQUEST": {
    "Edit": "Edit",
    "Title": "My Overtime",
    "New": "Extra working application",
    "NewGroup": "Extra working application(Team Registration)",
    "Detail": "Extra working application Details",
    "DetailGroup": "Extra working application(Team Registration) Details",
    "Infomation": "Information",
    "Status": "Status",
    "Pending": "Pending for Approval",
    "PleaseCancel": "Cancel",
    "RequestDate": "Work date",
    "OTDetail": "EXTRA WORKING DETAILS",
    "SelectedReason": "Selected Reason",
    "WriteDownReasonLeave": "Please state the reason for extra working",
    "WriteDownReasonLeaveGroup": "Please state the reason for extra working(team)",
    "Reason": "Reason",
    "ReasonDestroy": "Reason for cancellation",
    "HourNum": "Hour Number",
    "KowCode": "Attendance code",
    "ApproveNote": "Opinion",
    "IsPay": "Compensation days off",
    "Filter": "Filter",
    "Employee": "Employee",
    "Delete": "Delete",
    "Period": "Duration",
    "PayValue": "Type pay",
    "ReasonOfExtraWorking": "Overtime Reason",
    "ReasonCancel": "Reason of canceling",
    "HinhThuc": "Form",
    "MealFromTime": "Meal time between shifts - From",
    "MealToTime": "Meal time between shifts - To",
    "WorkDate": "Word date"
  },
  "OT_APPROVE": {
    "Title": "Over time of Individual",
    "New": "New Over time Approve",
    "Detail": "Extra working application Details",
    "DetailGroup": "Extra working application(Team Registration) Details",
    "Infomation": "Information",
    "Status": "Status",
    "RequestDate": "Application date",
    "Reason": "Reason",
    "ReasonDestroy": "Reason for cancellation",
    "OTDetail": "EXTRA WORKING DETAILS",
    "HourNum": "Hour Number",
    "KowCode": "Attendance code",
    "ApproveNote": "Opinion",
    "Approved": "Approved",
    "Approve": "Approval",
    "Reject": "Refuse",
    "Wait": "Wait",
    "Cancelled": "Cancelled",
    "IsPay": "Compensation dayoff"
  },
  "OT_GROUP_REQUEST": {
    "Title": "Extra Working Application (Team Registration)",
    "New": "New Team Overtime Request",
    "Detail": "Team Overtime Request Detail",
    "ReasonOfExtraWorking": "Reason"
  },
  "OT_GROUP_APPROVE": {
    "Title": "Over time of Group",
    "New": "New Team Overtime Approve",
    "Detail": "Team Overtime Approve Detail"
  },
  "EMPLOYEEINFO": {
    "NgachLuong": "Salary status",
    "BacLuong": "Salary grade",
    "Allowance": "Except",
    "DowCode": "DowCode",
    "AllowanceName": "Except Name",
    "Amount": "Amount",
    "LoadMore": "Load More",
    "JobPostName": "Position",
    "SoQuyetDinh": "Decision No.",
    "ChucVu": "New Position Grade",
    "ChucVuCu": "Current Position Grade",
    "EmpBasicInfoProfile": "EMPLOYEE INFORMATION",
    "EmpCertificate": "CERTIFICATION",
    "EmpTrainCourse": "TRAINING",
    "EmpTrainBGRD": "EDUCATION BACKGROUND",
    "EmpWorking": "TRANSFER AND APPOINTMENT",
    "EmpAward": "REWARD",
    "EmpBenefits": "GROSS BASIC SALARY HISTORY",
    "EmpDiscipline": "DISCIPLINE",
    "EmpFortune": "ASSIGNED ASSET",
    "EmpInsurance": "SOCIAL INSURANCE & TAX CODE",
    "BENEFIT": "BENEFIT",
    "LABORCONTRACT": "LABOR CONTRACT",
    "RELATIVES": "RELATIVES",
    "FullName": "Full Name",
    "Gender": "Gender",
    "EmployeeID": "EmployeeID",
    "Birthday": "Date of birth",
    "Mobile": "Telephone",
    "Month": "Month",
    "Year": "Year",
    "Day": "Day",
    "DepartmentName": "New Department",
    "DepartmentNameCommon": "Department",
    "DepartmentNameOld": "Current Department",
    "Email": "Company Email",
    "DirectManager": "Direct Manager",
    "InDirectManager": "Indirect Manager",
    "bsRealSalary": "Real salary",
    "bsInsSalary": "Insurance Salary Grade",
    "IDCardNo": "Identity card number",
    "IDCardNo2": "Personal ID Number 2",
    "IssuedDate": "Issued Date",
    "IssuedPlaceName": "Issued by",
    "JoinDate": "Joining date",
    "OfficialDate": "Labor Contract Signing Date",
    "SignedDate": "Renew Labour Contract Date",
    "JobWName": "New Position",
    "JobWNameOld": "Current Position",
    "JobWNameCommon": "Position",
    "ThamNien": "Length of service",
    "PAddress": "Permanent Address",
    "TAddress": "Temporary Address",
    "NAddress": "Address",
    "SoDTNguoiLienHe": "Contact phone number",
    "Male": "Male",
    "Female": "Female",
    "BeginDate": "Effective From Date",
    "EndDate": "Effective To date",
    "RealSalary": "Gross Basic Salary",
    "AwardName": "Reward type",
    "Reason": "Reason",
    "AwardDate": "Signed Date",
    "DiscName": "Disciplinary type",
    "DisciplineContent": "Disciplinary reasons",
    "FromTime": "Effective From Date",
    "ToTime": "To date",
    "CerName": "Certificate Name",
    "LimitTime": "Limit Time",
    "SupplierName": "Trained by",
    "Unkown": "Unkown",
    "SIBook": "Social Insurance Number",
    "TrainCourseName": "Training Course",
    "FromDate": "Effective From Date",
    "ToDate": "To Date",
    "MaritalName": "Marriage status",
    "Rank": "Rating",
    "TrainLevelName": "Degree",
    "TrainCvrgName": "Major",
    "TrSupplierName": "Trained by",
    "Note": "Note",
    "AppointName": "Decision Type",
    "FortuneName": "Asset Type",
    "ValueFortune": "Asset Value",
    "ManagedBy": "Managed By",
    "ReceivedDate": "Received Date",
    "UsedTime": "Used Time",
    "PhuongXa": "Ward",
    "QuanHuyem": "Dictrict",
    "TinhThanh": "City/Province",
    "WorkCenterName": "TAX Code",
    "LaborContract": "Labor Contract",
    "ContractNo": "Contract No",
    "ConTypeName": "Contract Type Name",
    "SignedDateContract": "Signed Date",
    "MainSalary": "Main Salary",
    "AllowanceReal": "Allowance",
    "AlloGradeName": "Allowance Grade Name",
    "EffectDate": "Effect Date",
    "FixAmount": "Fix Amount",
    "BHBB": "Compulsory insurance",
    "BHSK": "Health insurance",
    "BHNT": "Life insurance",
    "BHHT": "Retirement insurance",
    "FromMonth": "From month",
    "ToMonth": "To month",
    "PerNV": "Percentage of employees contributing",
    "Salary": "Salary",
    "PerCty": "Percentage of company contributing",
    "TotalAllo": "Total allowance",
    "TotalBHXH": "Total salary paid for social insurance",
    "NVDong": "Amount paid by the employee",
    "CtyDong": "Amount paid by the company",
    "Group": "Group",
    "FromDay": "From day",
    "ToDay": "To day",
    "MucPhiMua": "Purchase fee",
    "NhomDenBu": "Compensation group",
    "HanMucDenBuTheoNhom": "Limit",
    "LoaiHinhTonTat": "Type",
    "HanMucDenBuTheoLoaiHinh": "Limit",
    "SoTienDaBoiThuong": "Amount of compensation",
    "SoTienDaBoiThuongConLai": "Remaining compensation amount",
    "BookLink": "Book link",
    "BegDate": "Begin date",
    "NumYearContract": "Purchase period (Year)",
    "FinancialBenefitAmount": "Financial benefits",
    "MaxCompensation": "Insurance benefits (Death-Critical illness)"
  },
  "CHECKINOUT": {
    "FirstTimeCheckIn": "First Time Check In",
    "LastTimeCheckOut": "Last Time Check Out",
    "CheckIn": "Check In",
    "CheckOut": "Check Out",
    "Hours": "Hours",
    "CheckInOut": "Daily check in/out",
    "CheckOutSuccess": "Check Out Successfully",
    "CheckInSuccess": "Check In Successfully",
    "Info": "Info",
    "UserNotFound": "User Not Found",
    "FakeLocation": "Location does not exist",
    "CheckInFail": "Invalid check in location, please try again.",
    "EachTimeFiveSeconds": "Check in times must be 5 seconds apart!",
    "LocationNotConfig": "Location Not Config",
    "BarCodeNotFound": "Bar Code Not Found",
    "DayNameOfWeeks": ["Sun", "Mon", "Tue", "Web", "Thu", "Fri", "Sat", "Sun"],
    "MyCheckInOutHistory": "My Check In/Out history",
    "PermissionToAccessDenied": "Permission to access location was denied",
    "DataInvalid": "Data Invalid",
    "CheckInQRCode": "Check in QR Code",
    "WifiNotConfig": "Wifi not config",
    "WifiCheckInFail": "Invalid check in Wifi, please try again.",
    "PermissionLocationGetNetworkInfoToAccessDenied": "Permission to access location was denied. Please turn on to receive network information",
    "errsessiontimeout": "The End of session",
    "Location": "Location",
    "CurrentLocation": "[Current Location]",
    "SendPositionCheckIn": "Send Location And Check In",
    "SendPositionCheckOut": "Send Location And Check Out",
    "NotAccurate": "Maybe You don't turn on Price Location",
    "Distance": "Approximate distance",
    "Month": "Month"
  },
  "MYTEAM": {
    "MyProfile": "Employee profile",
    "Direct": "Direct manager",
    "Indirect": "Indirect manager",
    "JoinDate": "Join Date"
  },
  "EMPCAMERA": {
    "FaceIDNotFound": "Face ID Not Found",
    "FaceIDInvalid": "Face ID Invalid"
  },
  "CHECKINQRCODE": {
    "CheckInQRCode": "Check in QR Code",
    "CheckIn": "Check In",
    "CheckOut": "Check Out"
  },
  "MYTIMESHEET": {
    "DayCalendar": ["Su", "Mo", "Tu", "We", "Th", "Fr", "Sa"],
    "Thang": "Month",
    "KyCong": "Payroll",
    "MyTimesheet": "My Monthly Timesheet",
    "WhosLeaveToday": "Who's leave today",
    "ListLeaveTop3": "List leave (Top 3)",
    "ListOvertimeTop3": "List overtime (Top 3)",
    "ListBussinessTop3": "List business travel (Top 3)",
    "OneDay": "1 day",
    "Days": "day(s)",
    "Holiday": "Exclude public holidays/weekly days off",
    "Leave": "Leave",
    "Travel": "Business trip",
    "Working": "Working day",
    "Missing": "Not check in/out",
    "InOut": "In/Out",
    "Hour": "h",
    "MissingCreated": "Added Missing In/Out",
    "LateEarlyCreated": "Registered Late In- Early Out",
    "ExtraDayOffCreated": "Registered time off in lieu",
    "ExtraWorkDayCreated": "Registered Overtime",
    "MissingAndLateEarlyCreated": "Added missing in/out and Late In- Early Out ",
    "MissingAndExtraDayOffCreated": "Added missing in/out and off in lieu ",
    "MissingAndExtraWorkDayCreated": "Added missing in/out and overtime",
    "LateEarly": "Late In- Early Out",
    "LateEarlyAndMissing": "Missing And Late In- Early Out",
    "RedirectPage": "You want to redirect page",
    "Current": "Current date",
    "InOutInDay": "Scan time of day",
    "TsKowNameDay": "Type of working day during day",
    "ThieuCong": "Not full working day"
  },
  "MISSINGINOUT": {
    "MissingInOutRequest": "Missing In/Out ",
    "New": "Application for Check In & Out",
    "Detail": "Missing In/Out Request Details",
    "MissingInOutApprove": "Missing In/Out Approve",
    "ApproveDetail": "Missing In/Out Approve Details",
    "Used": "Used",
    "Available": "Available",
    "Infomation": "Information",
    "Status": "Status",
    "Pending": "Pending",
    "Approved": "Approved",
    "Approve": "Approval",
    "Reject": "Refuse",
    "Wait": "Wait",
    "Cancelled": "Cancelled",
    "PleaseCancel": "Cancel Registration",
    "RequestDate": "Application Date",
    "Type": "Type",
    "Time": "Time",
    "Reason": "Reason",
    "ReasonDestroy": "Reason for cancellation",
    "ApproveNote": "Opinion",
    "WriteDownReason": "Please state the reason for check in & out",
    "MissingDate": "Missing Date",
    "SystemTime": "System",
    "ManualTime": "Manual",
    "In1": "In",
    "Out1": "Out",
    "In2": "In2",
    "Out2": "Out2",
    "TimeRoot": "Actual check In & Out",
    "TimeNew": "Check In & Out Application",
    "ShiftName": "Working shift",
    "WorkDay": "Date",
    "RequestSuccess": "Request Success.",
    "TotalRequestInMonth": "Total subscriptions for the month",
    "SoMocDaDangKy": "No. of application",
    "ShiftNameDD": "Shift assignment time"
  },
  "MYPAYSTUB": {
    "thang": "Month:",
    "mau": "Template:",
    "thongtintitle": "Details As Below",
    "BasicSalary": "Basic salary",
    "StandardWD": "Standard",
    "Coefficient": "Coefficient",
    "AlloGrade": "AlloGrade",
    "Except": "Except",
    "FamilyTaxAmt": "FamilyTaxAmt",
    "HIAmountE": "Health Insurance",
    "SIAmountE": "Social insurance",
    "TaxAmount": "Tax money",
    "TaxIncome": "Personal income",
    "UIAmountE": "Unemployment insurance",
    "NetSalVND": "Total salary received",
    "WorkDate": "WORK DATE",
    "SalaryByWorkDate": "SALARY BY WORK DATE",
    "TruTheoQuyDinh": "DEDUCTIONS",
    "BietLeCong": "OTHER INCOME",
    "BietLeTru": "OTHER DEDUCTIONS",
    "ThucNhan": "NET TAKE HOME",
    "ThongTinNhanVien": "EMPLOYEE INFORMATION",
    "FullName": "Full Name",
    "DepartmentName": "Departmen tName",
    "JobPosName": "Position Grade",
    "NgayCong": "WORK DAYS",
    "LuongTheoCong": "INCOME BY WORK DAYS",
    "KowName": "",
    "DayNum": "",
    "HeSo": "REVENUE FACTOR",
    "CoeffName": "",
    "PhuCap": "OTHER ALLOWANCES",
    "AlloGradeName": "",
    "Amount": "",
    "AmountNonTax": "",
    "ExceptName": "",
    "AmountTax": "",
    "TongLuongTruocThue": "TOTAL INCOME",
    "GrossSalVND": "Total income",
    "JobPostName": "Job title"
  },
  "EMPLOYEEATTENDANCE": {
    "Today": "Today",
    "Present": "Attendant",
    "Absent": "Absent",
    "Note": "Note",
    "RequestLeave": "Leave Request",
    "Approve": "Approve",
    "Approved": "Approved",
    "AllDay": "All Day",
    "Office": "Office",
    "Morning": "Morning",
    "Afternoon": "Afternoon",
    "LeavePeriodOff": "Regime leave",
    "LeaveHoliday": "Holiday",
    "CancelLeaveRequest": "You need to cancel the leave registration form before the attendance Available",
    "CancelLeaveHoliday": "This is a weekend. If you select Available, then after Save, do you want the system to remove the weekly dayoff setting?",
    "OTPeriod": "Overtime",
    "MsgmAttendanceSheet_SaveData001": "Please add Weekly Dayoff/Registration Leave for Unexplained Absences, or Cancel the OT registration if it is a holiday (collectively called Invalid). The system only saves valid cases."
  },
  "LATEEARLY": {
    "LateEarlyRequest": "Come late and leave early application",
    "New": "Come late and leave early application",
    "TypeEarly": "Reason Come late & leave early",
    "Detail": "Come late and leave early application Details",
    "LateEarlyApprove": "Late In- Early Out Approve",
    "ApproveDetail": "Come late and leave early application Details",
    "Used": "Used",
    "Available": "Available",
    "Infomation": "Information",
    "Status": "Status",
    "Pending": "Pending for Approval",
    "Approved": "Approved",
    "Approve": "Approval",
    "Reject": "Refuse",
    "Wait": "Wait",
    "Cancelled": "Cancelled",
    "PleaseCancel": "Cancel Registration",
    "RequestDate": "Application date",
    "Type": "Type",
    "Time": "Time",
    "Reason": "Reason",
    "ReasonDestroy": "Reason for cancellation",
    "ApproveNote": "Opinion",
    "WriteDownReason": "Please state the reason for coming late & early",
    "MissingDate": "Missing Date",
    "SystemTime": "System",
    "ManualTime": "Manual",
    "In1": "Late In 1",
    "Out1": "Early Out 1",
    "In2": "Late In 2",
    "Out2": "Early Out 2",
    "TimeRoot": "Reality",
    "TimeNew": "Come late & Leave Early Details",
    "ShiftName": "Shift Name",
    "BegDate": "From date",
    "EndDate": "Expiry date",
    "KindName": "Kind",
    "In": "Come late",
    "Out": "Leave early"
  },
  "MANAGER": {
    "EmployeeInfo": "Employee Info",
    "PaySlip": "Pay Slip",
    "Detail": "Detail",
    "Type": "Type",
    "Subject": "Subject",
    "Content": "Content"
  },
  "EXTRADAYOFF_REQUEST": {
    "Title": "Compensation Leave",
    "New": "Compensation leave application",
    "Detail": "Compensation leave application Details",
    "Used": "Carry foward",
    "Available": "Unused annual leave",
    "Infomation": "Information",
    "Status": "Status",
    "Pending": "Pending for Approval",
    "Approved": "Approved",
    "Approve": "Approval",
    "Reject": "Refuse",
    "Wait": "Wait",
    "Cancelled": "Cancelled",
    "PleaseCancel": "Cancel Registration",
    "RequestDate": "Application Date",
    "LeaveDetail": "Detailed information",
    "Type": "Type of leave",
    "Time": "From To",
    "Reason": "Reason of leaving",
    "ReasonDestroy": "Reason for cancellation",
    "WriteDownReasonLeave": "Please state the reason for compensation leave",
    "AllDay": "All Day",
    "AllMorning": "Only Morning",
    "AllAfternoon": "All Afternoon",
    "KowCode": "Type of leave",
    "DayNum": "No. of Leave days"
  },
  "EXTRADAYOFF_APPROVE": {
    "Title": "My Compensation Leave Approve",
    "Detail": "Compensation Approve Details",
    "ApproveNote": "Opinion",
    "Cancelled": "Cancelled",
    "Approved": "Approved",
    "Approve": "Approve",
    "KowCode": "Type of leave"
  },
  "EXTRAWORKDAY_REQUEST": {
    "numminute": "Num of minute",
    "minute": "minute",
    "Title": "My Compensation Working",
    "New": "My Compensation Working",
    "Detail": "Detail Compensation Working",
    "Used": "Pre Year",
    "Available": "This year",
    "Infomation": "Information",
    "Status": "Status",
    "Pending": "Pending for approval",
    "Approved": "Approved",
    "Approve": "Approval",
    "Reject": "Reject",
    "Wait": "Wait",
    "Cancelled": "Cancelled",
    "PleaseCancel": "Cancel Registration",
    "RequestDate": "Application Date",
    "Type": "Type",
    "Time": "Time",
    "Reason": "Reason",
    "ReasonDestroy": "Reason for cancellation",
    "Note": "Note",
    "AllDay": "All Day",
    "AllMorning": "Only Morning",
    "AllAfternoon": "All Afternoon",
    "KowCode": "Kow Code",
    "Register": "Requested by",
    "WorkDate": "Compensation Day",
    "ForDate": "Make a compensation for day",
    "HoursNum": "Number of hours",
    "MunitesNum": "Number of minutes",
    "RealMinDTVS": "Actual number of Late In- Early Out",
    "EnterWorkDate": "Please enter Compensation Day",
    "EnterForDate": "Please enter compensation for day",
    "EnterHourNum": "Please Enter Hour Num",
    "EnterReason": "Please Enter Reason",
    "LockData": "Working days are already in the locked feat",
    "StandardReason": "Reason(standard)",
    "FromDate": "From date",
    "ToDate": "To date",
    "OldShift": "Old shift",
    "NewShift": "New shift",
    "Isholiday": "Except holidays",
    "IsSunday": "Except weekly holidays",
    "ChangeShiftDay": "Change shift day",
    "ChangedShift": "Shift changed on this day",
    "fixedshiftErr": "Employees must have work shifts",
    "ChuaChonCa": "No shift selected",
    "NoShift": "This day no have work shift",
    "ChuaCoCaCu": "Don't have current shift",
    "CaCanDoiKhacCaCu": "New shift must different current shift",
    "ChiTiet": "Shift change details",
    "ThietlapCanCoCaCu": "The selected date has no shifts."
  },
  "CHANGESHIFT_REQUEST": {
    "numminute": "Num of minute",
    "minute": "minute",
    "Title": "My Compensation Working",
    "New": "My Compensation Working",
    "Detail": "Detail Compensation Working",
    "Used": "Pre Year",
    "Available": "This year",
    "Infomation": "Information",
    "Status": "Status",
    "Pending": "Pending for approval",
    "Approved": "Approved",
    "Approve": "Approval",
    "Reject": "Reject",
    "Wait": "Wait",
    "Cancelled": "Cancelled",
    "PleaseCancel": "Cancel Registration",
    "RequestDate": "Application Date",
    "Type": "Type",
    "Time": "Time",
    "Reason": "Reason",

    "ReasonDestroy": "Reason for cancellation",
    "Note": "Note",
    "AllDay": "All Day",
    "AllMorning": "Only Morning",
    "AllAfternoon": "All Afternoon",
    "KowCode": "Kow Code",
    "Register": "Requested by",
    "WorkDate": "Compensation Day",
    "ForDate": "Make a compensation for day",
    "HoursNum": "Number of hours",
    "MunitesNum": "Number of minutes",
    "RealMinDTVS": "Actual number of Late In- Early Out",
    "EnterWorkDate": "Please enter Compensation Day",
    "EnterForDate": "Please enter compensation for day",
    "EnterHourNum": "Please Enter Hour Num",
    "EnterReason": "Please Enter Reason",
    "LockData": "Working days are already in the locked feat",
    "StandardReason": "Reason(standard)",
    "FromDate": "From date",
    "ToDate": "To date",
    "OldShift": "Old shift",
    "NewShift": "New shift",
    "Isholiday": "Except holidays",
    "IsSunday": "Except weekly holidays",
    "ChangeShiftDay": "Change shift day",
    "ChangedShift": "Shift changed on this day",
    "fixedshiftErr": "Employees must have work shifts",
    "ChuaChonCa": "No shift selected",
    "NoShift": "This day no have work shift",
    "ChuaCoCaCu": "Don't have current shift",
    "CaCanDoiKhacCaCu": "New shift must different current shift",
    "ChiTiet": "Shift change details",
    "ThietlapCanCoCaCu": "The selected date has no shifts."
  },
  "CHANGESHIFT_APPROVE": {
    "ApproveNote": "Opinion"
  },
  "ERROR": {
    "batbuocnhaplydokhiguiyeucau": "Reason not empty.",
    "msgshift006": "Reason not empty.",
    "MsgMissInOut007": "The number of replenishment times exceeds the allowed number of times in a month.",
    "msgJobWorkingApply": "Employees are not allowed to register",
    "Err002": "Approval Process has not been established",
    "MA_ERR_000": "Data Not Found",
    "MA_ERR_001": "Level Approve Not Found",
    "APINotFound": "API Not Found",
    "APINotRegistered": "API Not Registered",
    "ViewIDNotFound": "View ID Not Found",
    "MsgmAttendanceSheet_SaveData001": "Please add Weekly Dayoff/Registration Leave for Unexplained Absences, or Cancel the OT registration if it is a holiday (collectively called Invalid). The system only saves valid cases.",
    "ErrSysTuNgayNamTrongKyCongDaKhoa": "From date is in locked period.",
    "ErrSysDenNgayNamTrongKyCongDaKhoa": "To date is in locked period.",
    "ErrorBiometrics": "The fingerprint sensor is disabled. Please try again later.",
    "CompanyKeyNotFound": "Company Key Not Found",
    "ACCOUNT_NOT_EXISTS": "User name does not exist",
    "SMSOTP_LOGIN_ERROR": "The system sending SMS OTP cannot Login",
    "SMSOTP_SENDSMS_ERROR": "The system cannot send SMS OTP",
    "SMSOTP_EMPLOYEE_NOT_FOUND": "User name or Number phone does not exist",
    "SIGN_IN_GOOGLE_ERROR": "Can't sign in to your Google Account.",
    "Please_Login_Again": "Please log in again.",
    "ErrSys005": "The application date is within the locked period.",
    "ErrSys006": "The coupon has a time off greater than the leave date.",
    "ErrSys007": "The coupon has a time off greater than the leave date and the ballot has been made to be paid, you cannot cancel the ballot.",
    "ErrSys008": "Reason not empty.",
    "MsgInfoCheckValidateRegExtraDayOff014": "The maximum leave period of 1 month is 2 days",
    "msg_DuplicateDeviceID": "The account has been logged in on another device. Please contact support",
    "OTP_EXPIRED": "OTP code expired",
    "INVALID_OTP": "Invalid OTP code"
  },
  "OTP": {
    "Title": "Confim OTP",
    "SubmitOTP": "Submit",
    "ResendCode": "Resend",
    "ResendTitle": "Resend OTP?",
    "OTPInvalid": "OTP code is invalid."
  },
  "QA": {
    "HoiDap": "Question answer",
    "Question": "My Question",
    "Answer": "Answer",
    "SaveSuccess": "Post question is success !!",
    "Me": "Me",
    "Reply": "Reply",
    "Seen": "Seen",
    "See": "See",
    "Hide": "Hide",
    "Satisfied": "Satisfied",
    "Unsatisfied": "Unsatisfied",
    "Ask": "I want to ask about ",
    "QuestionFor": "Question",
    "AnswerFor": "Answer",
    "Send": "Send",
    "PostComment": "Post answer",
    "ShowMore": "Show more",
    "ReplyTo": "Reply To",
    "PleaseTopic": "Please select a question to ask",
    "PleaseQuestion": "Please ask a question",
    "PleaseAnswer": "Please answer a question",
    "Topic": "Topic"
  },
  "MYREPORT": {
    "NewRecruitReport": "New Recruit Report",
    "NewRecruitInMonth": "New recruit in month",
    "NewRecruitInYear": "New recruit in year",
    "GroupBy": "Group by",
    "TotalNewRecruitInMonth": "New general recruitment for the month",
    "TotalNewRecruitInYear": "New general recruitment for the year",
    "DetailTotalNewRecruitInYearFollowMonth": "New recruitment statistics in the year by 12 months",
    "NowAvailableReport": "Now Available Report",
    "NowAvailableList": "Now Available List",
    "General": "General",
    "LaborContract": "Status of labor contract",
    "Literacy": "Education statistic report",
    "Total": "Total",
    "Leave": "Resign",
    "NewRecruit": "New hire",
    "Male": "Male",
    "Female": "Female",
    "TotalEmployeeWithGender": "Diversity report",
    "TotalRecruit": "Headcount report",
    "MissingReport": "Absence statistics",
    "MissingList": "Absentee List",
    "MissingInDay": "Absence for the day",
    "MissingInDayBusinessTrip": "Statistics of business travel report by day",
    "MissingInMonthBusinessTrip": "Statistics of business travel monthly report",
    "MissingInMonth": "Absence for the month",
    "TotalMissingInDayWithGender": "Absence statistics of the day by gender",
    "TotalMissingInDayWithKow": "Absence statistics for the day workday type",
    "TotalMissingInMonthWithGender": "Statistics of absence monthly report by gender",
    "TotalMissingInMonthWithKow": "Statistics of absence monthly by type of working",
    "ResignReport": "Leave statistics",
    "ResignList": "list of employees resigning",
    "ResignInMonth": "Statistics of employees resigning in the month",
    "ResignInYear": "Turnover rate yearly report",
    "TotalResignInMonthWithGender": "Turnover rate monthly report by gender",
    "DetailTotalResignInYearFollowMonth": "Turnover rate yearly report by months",
    "AppointReport": "Statistics Appointment - Transfer ",
    "AppointList": "List of Appointment - Transfer",
    "AppointInMonth": "Moverment monthly report",
    "AppointInYear": "Volatility in the year",
    "AppointInYearBoNhiem": "Promotion yearly report",
    "AppointInYearDieuDong": "Transfer yearly report",
    "AppointInYearThuyenChuyen": "Internal transfer yearly report",
    "AppointInYearMienNhiem": "Volatility in the year of Dismissal",
    "AppointInYearKiemNhiem": "Volatility in the year of Concurrently",
    "BoNhiem": "Promotion",
    "DieuDong": "Transfer",
    "ThuyenChuyen": "Internal transfer",
    "MienNhiem": "Dismissal",
    "KiemNhiem": "Concurrently",
    "EnterDepartmentLevelCode": "Please select department level",
    "EnterFromDate": "Please select a date",
    "EnterDowCode": "Please select the month",
    "Seniority": "Working seniority",
    "Different": "Different"
  },
  "AUTHORIZATION": {
    "Title": "Authorization for approval",
    "New": "Authorization for approval",
    "Detail": "Details request",
    "Infomation": "Infomation",
    "RegisterDate": "Registration Date",
    "LeaveDetail": "Details",
    "Type": "Approval process",
    "Reason": "Reason",
    "WriteDownReasonLeave": "Reason",
    "Register": "Register",
    "Appover": "Appover",
    "Substitute": "Authorized person",
    "EnterProcess": "Please select an approval process",
    "EnterApprover": "Please select an Authorized person",
    "EnterSubstitute": "Please select an Authorized person",
    "Active": "Active",
    "Lock": "Lock",
    "PleaseCancel": "Cancel"
  },
  "BIOMETRICS": {
    "Hello": "Hello!",
    "UnlockWithBiometrics": "Unlock with Fingerprint or FaceID",
    "LogOutAccount": "Log out of account",
    "AlertBiometrics": "Please use Fingerprint or FaceID to unlock the app"
  },
  "DIEUCHINHLUONG": {
    "LOAIDIEUCHINH": "Adjustment type",
    "DIEUCHINHCHOKYLUONG": "Adjustment for salary period",
    "LYDO": "Reason",
    "CHITIETDIEUCHINH": "Adjustment details",
    "THOIGIANNGHI": "Time off",
    "SODIEUCHINH": "Adjustment number",
    "NOIDUNGDIEUCHINH": "Adjustment content",
    "LOAICONG": "Work type",
    "YeuCauDaTonTaiVuiLongChonYeuCauKhac": "The request already exists, please select another request",
    "RequireTypeAdjust": "Adjustment Type is required",
    "RequireDowCode": "Required to enter Adjustment for Pay Period",
    "RequireDetail": "At least 1 line of Adjustment Details is required.",
    "RequireKowCode": "Required to enter Job Type",
    "RequireLeavePeriod": "Required Time Off",
    "RequireFrom": "Required from date",
    "RequireTo": "Required to date",
    "RequireDayNum": "Required enter day number",
    "SLDieuChinh": "Adjustment amount",
    "FromToTimeRequire": "Vui lòng nhập từ giờ tới giờ",
    "RequireAttachFile": "File attachment required"
  },
  "DXHUONGTROCAP": {
    "LOAITROCAP": "Benefit Type",
    "SOTIEN": "Amount",
    "RequireLOAITROCAP": "Please select the benefit type",
    "IvalidAmount": "Invalid amount",
    "TTChiTra": "Payment Status",
    "NgayChiTra": "Payment Date",
    "HinhThucTra": "Payment Method",
    "HinhThucTraRequire": "Please enter Payment Method"
  },
  "DUYETHDLD": {
    "ConTypeName": "Contract Type",
    "TimeLCCode": "Contract Duration",
    "NgayHieuLuc": "Effective Date",
    "Month": "Month",
    "LyDo": "REASON",
    "LyDoChiTiet": "Detailed Reason",
    "DL2LanGanNhat": "Evaluation Data of the 2 Most Recent Periods",
    "NhacNho": "Remind Employee to Sign Labor Contract",
    "HDHienTai": "CURRENT CONTRACT",
    "NgayHetHan": "Expiration Date",
    "NamDG": "Evaluation Year",
    "KySG": "Evaluation Period",
    "DDG": "Evaluation Score",
    "XL": "Rating",
    "NX": "Opinion",
    "HDDX": "Proposed Labor Contract",
    "SoHopDong": "Contract Number dong",

    "ContractNo": "Contract Number",
    "SignedDate": "Signing Date",
    "PayForm": "Payment Method",
    "SignerCode": "Signer of Labor Contract",
    "SignerNationCode": "Signer's Nationality",
    "SignerJobPosCode": "Signer's Position",
    "TryFrom": "Try from",
    "TryTo": "Try to",
    "HourWork": "Working Time",
    "Transport": "Means of Transportation",
    "MainWork": "Main Work",
    "Kind": "Is a Subcontract",
    "SignedCompany": "Company signing the Subcontract",
    "Status": "Subcontract signing status",
    "SalaryAmount": "Proposed Salary",
    "Confirm": "Confirm",
    "ApproveNoteRequire": "Required to enter approval comments",
    "ContractNoRequire": "Please enter the contract number",
    "SignedDateRequire": "Please enter the signing date",
    "ContTypeRequire": "Please select the contract type",
    "TimeLBCRequire": "Please select the contract term",
    "ContFromRequire": "Please select the contract effective date",
    "SendBack": "Return"
  },
  "RegMultiRow": {
    "RegDetail": "List of holidays"
  }
}
