{
  "COMMON": {
    "ReGenOTPSuccess": "Đã tạo mới OTP thành công, vui lòng kiểm tra Email",
    "ReGenOTP": "Làm mới OTP",
    "HistoryApproveLevel": "Lịch sử cấp duyệt",
    "chonnguoithaythe": "Chưa chọn người thay thế",
    "NguoiThayThe": "Người thay thế",
    "AddNew": "Thêm",
    "Year": "Năm",
    "OrderBy": "Sắp xếp",
    "Status": "Tình trạng",
    "Day": "Ngày",
    "Hour": "Giờ",
    "Minute": "Phút",
    "MonthNames": [
      "Tháng Một",
      "Tháng Hai",
      "Tháng Ba",
      "Tháng Tư",
      "Tháng Năm",
      "Tháng Sáu",
      "Tháng Bảy",
      "Tháng Tám",
      "Tháng Chín",
      "Tháng Mười",
      "Tháng Mười Một",
      "Tháng Mười Hai"
    ],
    "DayNamesShort": ["CN", "Hai", "Ba", "Tư", "Năm", "Sáu", "Bảy"],
    "DayNames": [
      "Chủ Nhật",
      "Thứ Hai",
      "Thứ Ba",
      "Thứ Tư",
      "Thứ Năm",
      "Thứ Sáu",
      "Thứ Bảy"
    ],
    "AM": "Sáng",
    "PM": "Tối",
    "FromDate": "Từ ngày",
    "FromTime": "Từ Giờ",
    "ToTime": "Đến giờ",
    "ToDate": "Đến ngày",
    "OK": "Đồng ý",
    "Cancel": "Hủy",
    "Close": "Đóng",
    "Attach": "Đính kèm",
    "Download": "Tải về",
    "Delete": "Xóa",
    "Submit": "Gửi",
    "ReSubmit": "Gửi lại",
    "Error": "Lỗi",
    "Success": "Thành công",
    "Alert": "Thông báo",
    "Warning": "Cảnh báo",
    "NoDataFound": "Không tìm thấy dữ liệu !!",
    "View": "Xem",
    "Month": "Tháng",
    "Refresh": "Làm mới",
    "ListStatus": [
      {
        "key": 1,
        "name": "Chưa duyệt"
      },
      {
        "key": 5,
        "name": "Chờ hủy"
      },
      {
        "key": 2,
        "name": "Đã duyệt"
      },
      {
        "key": 3,
        "name": "Không duyệt"
      },
      {
        "key": 6,
        "name": "Đã hủy"
      },
      {
        "key": 7,
        "name": "Trả làm lại"
      },
      {
        "key": 8,
        "name": "Đã trả lại"
      }
    ],
    "Search": "Tìm kiếm",
    "Employee": "Nhân viên",
    "Listfile": "File đính kèm",
    "Department": "Phòng ban",
    "Read": "Xem",
    "Save": "Lưu",
    "Clear": "Xóa",
    "ClearToken": "Bạn muốn xóa token của user cho thiết bị này không?",
    "ClearAllToken": "Bạn muốn xóa token của tất cả thiết bị cho user này không?",
    "ConfirmUpdateErrorCode": "Bạn có muốn cập nhật mã lỗi không?",
    "ErrorSystem": "Lỗi hệ thống. Vui lòng thông báo cho bộ phận kỹ thuật",
    "Loading": "Loading...",
    "NumberOfPeople": "Số người",
    "Detail": "Chi tiết",
    "Version": "Version build",
    "MsgNewApp": "HỆ THỐNG CÓ BẢN CẬP NHẬT MỚI. VUI LÒNG CẬP NHẬT ỨNG DỤNG",
    "MsgCurVersion": "Version hiện tại",
    "MsgNewVersion": "Version mới",
    "MsgChangeNetWork": "Thiết bị đã thay đổi NetWork, Chọn đồng ý để Reload lại ứng dụng.",
    "DongYDeBoQua": "Đồng ý để gửi yêu cầu",
    "Reason": "Lý do",
    "Details": "Chi tiết",
    "UyQuyenCho": "Ủy quyền cho"
  },
  "NOTIFY": {
    "chonnguoithaythe": "Chưa chọn người thay thế",
    "IsPayDisible": "Nhân viên không được chuyển nghỉ bù",
    "JustOne": "Chỉ chọn 1 dòng",
    "EnterNote": "Đã thiết lập bắt buộc nhập lý do khi đăng ký, vui lòng nhập lý do",
    "GrantedNotifications": "Không thể nhận được mã thông báo do không có quyền!",
    "EnterType": "Vui lòng nhập loại",
    "EnterFromDate": "Vui lòng nhập Từ ngày",
    "EnterToDate": "Vui lòng nhập Đến ngày",
    "EnterTime": "Vui lòng nhập giờ",
    "EnterDate": "Vui lòng nhập ngày",
    "EnterHourNum": "Vui lòng nhập số giờ",
    "EnterHourDay": "Vui lòng nhập số ngày",
    "EnterHourDayLargerThanHalfDay": "Vui lòng nhập số ngày bằng hoặc lớn hơn 0.5",
    "EnterHourDayNumberIncrease": "Vui lòng nhập số ngày phải tăng theo số lẻ",
    "EnterReason": "Vui lòng nhập lý do",
    "UpdateSuccess": "Cập nhật thành công",
    "DataNotFound": "Không tìm thấy thông tin",
    "EnterApproveNote": "Vui lòng nhập ghi chú khi duyệt",
    "EnterKowCode": "Vui lòng nhập loại công",
    "FileNotSupported": "Định dạng không được hỗ trợ.",
    "NoRecord": "không có dòng nào được chọn.",
    "DeleteSuccess": "Đã xóa!",
    "Onlyonefile": "Chỉ chọn 1 file",
    "EnterSubject": "Vui lòng nhập tiêu đề",
    "EnterContent": "Vui lòng nhập nội dung",
    "CreateSuccess": "Thêm thành công",
    "CreateError": "Thêm không thành công",
    "CheckConnection": "Vui lòng kiểm tra kết nối!",
    "ErrorFormatCost": "Chi phí phải là định số",
    "EnterTimeSelected": "Vui lòng chọn thời gian",
    "StartDownloading": "Bắt đầu tải xuống",
    "FinishDownloading": "Hoàn thành tải xuống",
    "NoPermissionFunction": "Chưa phân quyền cho tính năng này",
    "EnterDepartmentCode": "Vui lòng chọn đơn vị",
    "LoadingRegistration": "Đang tải dữ liệu biểu mẫu đăng ký, vui lòng đợi...",
    "LocationIsNotAvailable": "Vui lòng bật location trên thiết bị của bạn",
    "NetworkInfoIsNotAvailable": "Thông tin mạng không khả dụng",
    "LocationNameIsNotAvailable": "Không tìm thấy tên địa chỉ hiện tại",
    "CongPhuNuViPhamThang": "Loại công này một tháng chỉ được đăng ký một lần",
    "ChuaThietLapHangNgayTheoGio": "Đối tượng nghỉ phép chưa được thiết lập Hàng ngày theo giờ",
    "HighAccuracy": "Có thể bạn tắt vị trí chính xác. Vui lòng kiểm tra và thử lại",
    "EntenReasonWhenReject": "Vui lòng nhập ý kiến phê duyệt",
    "EnterDeptTo": "Vui lòng chọn Bộ phận đến",
    "EnterManger": "Vui lòng chọn Người quản lý",
    "EnterShift": "Vui lòng chọn Ca làm việc",
    "EnterEmployeeSecondment": "Vui lòng chọn Nhân viên điều động",
    "LockEmps": "Có nhân viên thuộc bộ phận đang được khóa. Hệ thống sẽ bỏ qua những nhân viên này.",
    "DayOffLockData": "Ngày nghỉ đã nằm trong kỳ công đã khóa"
  },
  "EmployeeDirectory": {
    "Employee": "Nhân viên",
    "Myteam": "Nhóm",
    "Office": "Bộ phận",
    "PostNew": "Đăng bài"
  },
  "Secondment": {
    "ShortTermTransferList": "Danh sách điều động ngắn hạn",
    "Detail": "Chi tiết đơn xin điều động ngắn hạn",
    "RequestDate": "Ngày đăng ký",
    "WorkDate": "Ngày điều động",
    "FromDate": "Thời gian làm việc từ",
    "ToDate": "Thời gian làm việc đến",
    "Infomation": "Thông tin",
    "Title": "Điều động ngắn hạn(đăng ký)",
    "Manager": "Người quản lý",
    "DepartmentTo": "Bộ phận đến",
    "Shift": "Ca làm việc",
    "Note": "Ghi chú"
  },
  "COMPONENT": {
    "MyProfile": "Thông tin nhân viên",
    "MyTeam": "Nhóm",
    "EmployeeDirectory": "Danh bạ nhân viên",
    "Events": "Quy Chế",
    "News": "Tin tức",
    "EmployeeAttendance": "Điểm danh",
    "Manager": "Cấp lãnh đạo",
    "QA": "Hỏi và đáp",
    "PaySlip": "Phiếu lương",
    "Notification": "Thông báo",
    "NotificationDetails": "Chi tiết thông báo"
  },
  "LOGIN": {
    "Version": "Phiên bản",
    "Username": "Tài khoản đăng nhập",
    "Password": "Mật khẩu",
    "Login": "Đăng nhập",
    "CopyRight": "Bản quyền \u00A9 2020 | Lac Viet Computing Corp",
    "TypeUserName": "Vui lòng nhập tài khoản",
    "TypePassword": "Vui lòng nhập mật khẩu",
    "IsMaintenance": "Hệ thống đang bảo trì. Vui lòng quay lại sau.",
    "Error": "Lỗi!",
    "Title1": "Hệ thống",
    "Title2": "Quản lý nhân sự",
    "Header": "SureHCS",
    "Footer": "Công ty CPTH Lạc Việt",
    "HeaderTienThu": "Tiến Thu",
    "FooterTienThu": "Tổng công ty Tiến Thu",
    "DoUWantSignOut": "Bạn có muốn đăng xuất khỏi ứng dụng không?",
    "ForgetPasswords": "Quên mật khẩu?",
    "LogOutAzure": "Đăng xuất Azure",
    "Service": "Dịch vụ: ",
    "ClearCache": "Xóa Cache",
    "ForgotPassword": "Quên mật khẩu?",
    "BackToLogin": "Quay lại đăng nhập",
    "ResetPassword": "Đặt lại mật khẩu",
    "EnterOTP": "Nhập mã OTP",
    "EnterUsername": "Nhập tài khoản đăng nhập",
    "EmailInfor": "Hệ thống sẽ thông tin đặt lại mật khẩu đến email được thiết lập trong Hồ Sơ Nhân Viên",
    "NotiOTP": "Hệ thống sẽ gửi mã OTP đến email được thiết lập trong Hồ Sơ Nhân Viên",
    "SendMail": "Gửi Email",
    "GetOTP": "Lấy mã OTP",
    "SendOTP": "Xác nhận",
    "Sent": "Gửi yêu cầu thành công",
    "SendInfor": "Hệ thống đã thông tin đặt lại mật khẩu đến email của bạn, vui lòng kiểm tra email để lấy thông tin đặt lại mật khẩu",
    "Back": "Quay về",
    "TypeOTPSussess": "Xác nhận mã OTP thành công, hệ thống đã gửi mật khẩu mới về Email của nhân viên"
  },
  "PASSWORD": {
    "OldPwd": "Mật khẩu cũ",
    "NewPwd": "Mật khẩu mới",
    "ConfimPwd": "Xác nhận mật khẩu",
    "ButtonSubmit": "Gửi",
    "ButtonCancel": "Quay về"
  },
  "CHANGEPASSWORD": {
    "PleaseEnterCurrentPassword": "Vui lòng nhập mật khẩu hiện tại",
    "PleaseEnterNewPassword": "Vui lòng nhập mật khẩu mới",
    "PleaseEnterConfirmPassword": "Vui lòng xác nhận mật khẩu.",
    "ConfirmPasswordAndNewPassword": "Mật khẩu mới và mật khẩu xác nhận không trùng khớp.",
    "ChangePassWordSuccess": "Đổi mật khẩu thành công",
    "OldPasswordNotCorrect": "Mật khẩu hiện tại không trùng khớp"
  },
  "HomePage": {
    "MyProfile": "Thông tin nhân viên",
    "ChangePassword": "Đổi mật khẩu",
    "EmployeeAttendance": "Điểm danh",
    "SignOut": "Đăng xuất",
    "clearToken": "Xóa phiên đăng nhập hiện tại",
    "clearAllToken": "Xóa tất cả phiên đăng nhập",
    "Notification": "Thông báo",
    "SearchFunction": "Tìm kiếm",
    "changePass": "Đổi mật khẩu",
    "Version": "Phiên bản ứng dụng"
  },
  "LEAVE_REQUEST": {
    "SummerFund": "Quỹ phép hè",
    "RegisInstead": "Đăng ký thay",
    "DayOffNum": "Số phép đã nghỉ",
    "VacationF": "Phép tiêu chuẩn",
    "VacationFCurrent": "Phép tiêu chuẩn tháng hiện tại",
    "DaNghi": "Đã nghỉ",
    "Title": "Đơn xin nghỉ phép",
    "New": "Yêu cầu nghỉ phép",
    "Detail": "Chi tiết đơn xin nghỉ",
    "Used": "Còn năm trước",
    "Available": "Còn năm nay",
    "Infomation": "Thông tin nghỉ phép",
    "Status": "Tình trạng",
    "Pending": "Chưa duyệt",
    "Approved": "Đã duyệt",
    "Approve": "Duyệt",
    "Reject": "Không duyệt",
    "Wait": "Chờ đợi",
    "Cancelled": "Đã hủy",
    "PleaseCancel": "Xin Huỷ",
    "RequestDate": "Ngày đăng ký",
    "LeaveDetail": "",
    "Type": "Bắt đầu nghỉ từ",
    "Kind": "Loại nghỉ",
    "Time": "Bắt đầu nghỉ từ",
    "Reason": "Lý do nghỉ",
    "ReasonDestroy": "Lý do xin hủy",
    "WriteDownReasonLeave": "Nhập lý do nghỉ",
    "AllDay": "Cả ngày",
    "AllMorning": "Buổi sáng",
    "AllAfternoon": "Buổi chiều",
    "KowCode": "Loại nghỉ",
    "ConfirmDirectRegisterExtraOffDay": "Bạn còn quỹ nghỉ bù, có muốn sử dụng quỹ nghỉ bù hay không?",
    "DayNum": "Tổng ngày nghỉ",
    "HourNum": "Số giờ nghỉ hằng ngày",
    "SoCon": "Số con",
    "LoaiSinh": "Loại sinh",
    "ThongTinThaiSan": "Thông tin thai sản",
    "SILeaveNo": "Số Giấy nghỉ hưởng BHXH",
    "ngaysinhcuacon": "Ngày sinh của con",
    "ThongTinVoSinh": "Thông tin nghỉ vợ sinh",
    "IsNewChildUnder32W": "Sinh con dưới 32 tuần",
    "SoNgayDuocHuongCheDo": "Tiêu chuẩn(Ngày)",
    "SoNgayDaNghi": "Đã nghỉ(Ngày)",
    "MealFromTime": "Thời gian ăn giữa ca - Từ",
    "MealToTime": "Thời gian ăn giữa ca - Đến",
    "SoPhepConLai": "Số phép còn lại cuối năm",
    "ConThangNay": "Còn tháng này",
    "CancelReason": "Lý do hủy",
    "tieuchuan": "Tiêu chuẩn",
    "connamtruoc": "Còn năm trước",
    "danghidennay": "Đã nghỉ đến nay",
    "dangchoduyettrongthang": "Đang chờ duyệt trong tháng",
    "datinhnghitrongthang": "Đã tính nghỉ trong tháng",
    "conlai": "Còn lại"
  },
  "BUSINESS_TRIP": {
    "Attach": "Đính kèm",
    "NoteVSA": "Ghi chú về học phí (nếu có)",
    "NoiLuuTru": "Nơi lưu trú",
    "Title": "Đơn đăng ký công tác",
    "ApproveTitle": "Duyệt công tác",
    "New": "Đơn đăng ký công tác",
    "Detail": "Chi tiết yêu cầu công tác",
    "ApproveDetail": "Chi tiết duyệt công tác",
    "Used": "Đã sử dụng",
    "Available": "Hiện có",
    "Infomation": "Thông tin",
    "Status": "Tình trạng",
    "Pending": "Chờ duyệt",
    "Approved": "Đã duyệt",
    "Approve": "Duyệt",
    "Reject": "Không duyệt",
    "Wait": "Chờ đợi",
    "Cancelled": "Hủy bỏ",
    "PleaseCancel": "Xin Huỷ",
    "RequestDate": "Ngày đăng ký",
    "LeaveDetail": "Chi tiết",
    "Type": "Loại chấm công",
    "Time": "Bắt đầu đi công tác từ",
    "Destination": "Nơi công tác",
    "PurposeOfTrip": "Mục đích công tác",
    "ReasonDestroy": "Lý do xin hủy",
    "WriteDownPurposeOfTrip": "Mục đích công tác",
    "AllDay": "Cả ngày",
    "AllMorning": "Cả buổi sáng",
    "AllAfternoon": "Cả buổi chiều",
    "DayNum": "Tổng Số ngày",
    "KindTrip": "Loại công tác",
    "TypeTrip": "Phương tiện đi lại",
    "OtherRequest": "Yêu cầu bổ sung",
    "Employee": "Nhân viên",
    "ListEmployee": "Danh sách nhân viên",
    "Filter": "Bộ lọc",
    "Note": "Ghi chú",
    "ComeTo": "Nơi đến",
    "Cost": "Chi phí công tác",
    "KowCode": "Mã công",
    "ApproveNote": "Ý kiến phê duyệt",
    "Attachment": "Tập tin đính kèm",
    "Delete": "Xóa",
    "ListAttachment": "Danh sách tập tin đính kèm",
    "NumDayDifTimeSelected": "Số ngày không phù hợp với số ngày bạn đang chọn",
    "Reason": "Lý do hủy"
  },
  "LEAVE_APPROVE": {
    "Title": "Duyệt nghỉ phép",
    "Detail": "Chi tiết đơn xin nghỉ",
    "ApproveNote": "Ý kiến phê duyệt",
    "Cancelled": "Hủy bỏ",
    "Approved": "Đã duyệt",
    "Approve": "Duyệt",
    "TotalTime": "Tổng ngày nghỉ",
    "RequestDate": "Ngày đăng ký",
    "KowCode": "Loại nghỉ",
    "Time": "Bắt đầu nghỉ từ"
  },
  "OT_REQUEST": {
    "Edit": "Chỉnh sửa",
    "Title": "Đăng ký làm ngoài giờ",
    "New": "Đăng ký tăng ca",
    "NewGroup": "Đăng ký tăng ca bởi Quản lý",
    "Detail": "Chi tiết Đơn xin làm việc tăng cường",
    "DetailGroup": "Chi tiết Đơn xin làm việc tăng cường theo nhóm",
    "Infomation": "Thông tin",
    "Status": "Tình trạng",
    "Pending": "Chờ duyệt",
    "PleaseCancel": "Xin Huỷ",
    "RequestDate": "Ngày đăng ký",
    "OTDetail": "Chi tiết đơn xin làm việc tăng cường",
    "SelectedReason": "Chọn lý do",
    "WriteDownReasonLeave": "Nhập lý do làm việc tăng cường",
    "WriteDownReasonLeaveGroup": "Nhập lý do làm việc tăng cường theo nhóm",
    "Reason": "Lý do tăng ca",
    "ReasonDestroy": "Lý do xin hủy",
    "HourNum": "Số giờ",
    "KowCode": "Mã công",
    "ApproveNote": "Ý kiến phê duyệt",
    "IsPay": "Chuyển nghỉ bù",
    "IsPay2": "Chuyển nghỉ bù",
    "HinhThuc": "Hình thức",
    "Filter": "Bộ lọc",
    "Employee": "Nhân viên",
    "Delete": "Xóa",
    "Period": "Buổi",
    "PayValue": "Hình thức",
    "ReasonOfExtraWorking": "Lý do tăng ca",
    "ReasonCancel": "Lý do xin hủy",
    "MealFromTime": "Thời gian ăn giữa ca - Từ",
    "MealToTime": "Thời gian ăn giữa ca - Đến",
    "Note": "Ghi chú",
    "WorkDate": "Ngày tăng ca"
  },
  "OT_APPROVE": {
    "Title": "Duyệt đăng ký làm ngoài giờ",
    "New": "Yêu cầu làm ngoài giờ",
    "Detail": "Đơn xin làm việc tăng cường",
    "DetailGroup": "Chi tiết Đơn xin làm việc tăng cường theo nhóm",
    "Infomation": "Thông tin",
    "Status": "Tình trạng",
    "RequestDate": "Ngày đăng ký",
    "Reason": "Lý do tăng ca",
    "ReasonDestroy": "Lý do xin hủy",
    "OTDetail": "Chi tiết đơn xin làm việc tăng cường",
    "HourNum": "Số giờ",
    "KowCode": "Mã công",
    "ApproveNote": "Ý kiến phê duyệt",
    "Approved": "Đã duyệt",
    "Approve": "Duyệt",
    "Reject": "Không duyệt",
    "Wait": "Chờ đợi",
    "Cancelled": "Đã hủy",
    "IsPay": "Chuyển nghỉ bù",
    "PayValue": "Hình thức chuyển nghỉ bù"
  },
  "OT_GROUP_REQUEST": {
    "Title": "Đơn đăng ký tăng ca theo nhóm",
    "New": "Yêu cầu làm ngoài giờ tập thể",
    "Detail": "Chi tiết",
    "ReasonOfExtraWorking": "Lý do tăng ca"
  },
  "OT_GROUP_APPROVE": {
    "Title": "Duyệt đăng ký làm ngoài giờ tập thể",
    "New": "Yêu cầu làm ngoài giờ tập thể",
    "Detail": "Chi tiết"
  },
  "EMPLOYEEINFO": {
    "NgachLuong": "Ngạch lương",
    "BacLuong": "Bậc lương",
    "Allowance": "Thu Nhập Khác",
    "DowCode": "Kỳ Công",
    "AllowanceName": "Tên Thu Nhập Khác",
    "Amount": "Số tiền",
    "LoadMore": "Xem thêm",
    "JobPostName": "Chức vụ",
    "SoQuyetDinh": "Số quyết định",
    "ChucVu": "Chức vụ mới",
    "ChucVuCu": "Chức vụ hiện tại",
    "EmpBasicInfoProfile": "THÔNG TIN NHÂN VIÊN",
    "EmpCertificate": "CHỨNG CHỈ",
    "EmpTrainCourse": "QUÁ TRÌNH ĐÀO TẠO",
    "EmpTrainBGRD": "CHUYÊN NGÀNH ĐÀO TẠO",
    "EmpWorking": "BỔ NHIỆM VÀ ĐIỀU CHUYỂN",
    "EmpAward": "KHEN THƯỞNG",
    "EmpBenefits": "LỊCH SỬ LƯƠNG GỘP CƠ BẢN",
    "EmpDiscipline": "KỶ LUẬT",
    "EmpFortune": "TÀI SẢN CẤP PHÁT",
    "EmpInsurance": "BẢO HIỂM XÃ HỘI & MÃ SỐ THUẾ",
    "BENEFIT": "QUYỀN LỢI",
    "LABORCONTRACT": "HỢP ĐỒNG LAO ĐỘNG",
    "RELATIVES": "THÂN NHÂN",
    "FullName": "Họ tên nhân viên",
    "Gender": "Giới tính",
    "EmployeeID": "Mã nhân viên",
    "Birthday": "Ngày sinh",
    "Mobile": "Điện thoại",
    "Month": "tháng",
    "Year": "năm",
    "Day": "ngày",
    "DepartmentName": "Phòng ban mới",
    "DepartmentNameCommon": "Phòng ban",
    "DepartmentNameOld": "Phòng ban hiện tại",
    "Email": "Email Công ty",
    "DirectManager": "Quản lý trực tiếp",
    "InDirectManager": "Quản lý gián tiếp",
    "bsRealSalary": "Lương cơ bản",
    "bsInsSalary": "Lương đóng BHXH",
    "IDCardNo": "Số CMND",
    "IDCardNo2": "Số Hộ chiếu",
    "IssuedDate": "Ngày cấp",
    "IssuedPlaceName": "Nơi cấp",
    "JoinDate": "Ngày vào làm",
    "OfficialDate": "Ngày ký HĐLĐ chính thức",
    "SignedDate": "Ngày gia hạn hợp đồng",
    "JobWName": "Chức danh mới",
    "JobWNameOld": "Chức danh hiện tại",
    "JobWNameCommon": "Chức danh",
    "ThamNien": "Thâm niên",
    "PAddress": "Địa chỉ thường trú",
    "TAddress": "Địa chỉ tạm trú",
    "NAddress": "Nguyên quán",
    "SoDTNguoiLienHe": "Số DT người liên hệ",
    "Male": "Nam",
    "Female": "Nữ",
    "BeginDate": "Hiệu lực từ ngày",
    "EndDate": "Đến ngày",
    "RealSalary": "Mức lương",
    "AwardName": "Hình thức",
    "Reason": "Nội dung",
    "AwardDate": "Thời gian hiệu lực",
    "DiscName": "Hinh thức kỷ luật",
    "DisciplineContent": "Lý do kỷ luật",
    "FromTime": "Từ ngày",
    "ToTime": "Đến ngày",
    "CerName": "Loại bằng cấp/chứng chỉ",
    "LimitTime": "Thời gian đào tạo",
    "SupplierName": "Tên khóa học",
    "Unkown": "Unkown",
    "SIBook": "Số sổ BHXH",
    "TrainCourseName": "Khóa đào tạo",
    "FromDate": "Hiệu lực từ ngày",
    "ToDate": "Đến ngày",
    "MaritalName": "Tình trạng hôn nhân",
    "Rank": "Xếp loại",
    "TrainLevelName": "Trình độ",
    "TrainCvrgName": "Chuyên ngành",
    "TrSupplierName": "Nơi đào tạo",
    "Note": "Ghi chú",
    "AppointName": "Loại quyết định",
    "FortuneName": "Loại tài sản",
    "ValueFortune": "Trị giá tài sản",
    "ManagedBy": "Người cấp",
    "ReceivedDate": "Ngày nhận",
    "UsedTime": "Thời hạn sử dụng",
    "PhuongXa": "Phường/Xã",
    "QuanHuyem": "Quận/Huyện",
    "TinhThanh": "Tỉnh/Thành Phố",
    "WorkCenterName": "Mã số thuế",
    "LaborContract": "Hợp đồng lao động",
    "ContractNo": "Số hợp đồng",
    "ConTypeName": "Loại hợp đồng",
    "SignedDateContract": "Ngày ký",
    "MainSalary": "Mức lương chính",
    "AllowanceReal": "Phụ cấp",
    "AlloGradeName": "Loại phụ cấp",
    "EffectDate": "Ngày hiệu lực",
    "FixAmount": "Số tiền",
    "BHBB": "Bảo hiểm bắt buộc",
    "BHSK": "Bảo hiểm sức khỏe",
    "BHNT": "Bảo hiểm nhân thọ",
    "BHHT": "Bảo hiểm hưu trí",
    "FromMonth": "Từ tháng",
    "ToMonth": "Đến tháng",
    "PerNV": "% NV đóng",
    "Salary": "Mức lương",
    "PerCty": "% Cty đóng",
    "TotalAllo": "Tổng phụ cấp",
    "TotalBHXH": "Tổng lương đóng BHXH",
    "NVDong": "Số tiền nhân viên đóng",
    "CtyDong": "Số tiền công ty đóng",
    "Group": "Nhóm",
    "FromDay": "Từ ngày",
    "ToDay": "Đến ngày",
    "MucPhiMua": "Mức phí mua",
    "NhomDenBu": "Nhóm đền bù",
    "HanMucDenBuTheoNhom": "Hạn mức",
    "LoaiHinhTonTat": "Loại hình",
    "HanMucDenBuTheoLoaiHinh": "Hạn mức",
    "SoTienDaBoiThuong": "Số tiền đã bồi thường",
    "SoTienDaBoiThuongConLai": "Số tiền bồi thường còn lại",
    "BookLink": "Link sổ tay",
    "BegDate": "Ngày bắt đầu",
    "NumYearContract": "Thời hạn mua (Năm)",
    "FinancialBenefitAmount": "Quyền lợi tài chính",
    "MaxCompensation": "Quyền lợi bảo hiểm (Tử vong-Bệnh hiểm nghèo)"
  },
  "CHECKINOUT": {
    "FirstTimeCheckIn": "Check In lần đầu",
    "LastTimeCheckOut": "Check Out lần cuối",
    "CheckIn": "Check In",
    "CheckOut": "Check Out",
    "Hours": "Giờ",
    "CheckInOut": "Chấm công hằng ngày",
    "CheckOutSuccess": "Check out thành công",
    "CheckInSuccess": "Check in thành công",
    "Info": "Thông báo",
    "UserNotFound": "Nhân viên không hợp lệ",
    "FakeLocation": "Vị trí không tồn tại",
    "CheckInFail": "Vị trí checkin không hợp lệ, vui lòng thử lại.",
    "EachTimeFiveSeconds": "Các lần checkout phải cách nhau 5 giây!",
    "LocationNotConfig": "Vị trí chưa được thiết lập",
    "BarCodeNotFound": "Nhân viên không có mã chấm công",
    "DayNameOfWeeks": [
      "Chủ Nhật",
      "Thứ Hai",
      "Thứ Ba",
      "Thứ Tư",
      "Thứ Năm",
      "Thứ Sáu",
      "Thứ Bảy",
      "Chủ Nhật"
    ],
    "MyCheckInOutHistory": "Lịch sử chấm công",
    "PermissionToAccessDenied": "Quyền truy cập vị trí đã bị từ chối",
    "DataInvalid": "Dữ liệu không hợp lệ",
    "CheckInQRCode": "Check in bằng QR Code",
    "WifiNotConfig": "Wifi chưa được thiết lập",
    "WifiCheckInFail": "Wifi checkin không hợp lệ, vui lòng thử lại.",
    "PermissionLocationGetNetworkInfoToAccessDenied": "Quyền truy cập vị trí đã bị từ chối. Vui lòng bật để ứng dụng lấy thông tin mạng",
    "errsessiontimeout": "Hết phiên làm việc",
    "Location": "Vị trí",
    "CurrentLocation": "[Vị trí hiện tại]",
    "SendPositionCheckIn": "Gửi vị trí và Check In",
    "SendPositionCheckOut": "Gửi vị trí và Check Out",
    "NotAccurate": "Có thể bạn chưa bật vị trí chính xác",
    "Distance": "Khoảng cách chênh lệch",
    "Month": "Tháng"
  },
  "MYTEAM": {
    "MyProfile": "Thông tin cá nhân",
    "Direct": "Quản lý trực tiếp",
    "Indirect": "Quản lý gián tiếp",
    "JoinDate": "Ngày vào làm"
  },
  "EMPCAMERA": {
    "FaceIDNotFound": "Không tìm thấy FaceID",
    "FaceIDInvalid": "FaceId không hợp lệ"
  },
  "CHECKINQRCODE": {
    "CheckInQRCode": "Check in bằng QR Code",
    "CheckIn": "Check In",
    "CheckOut": "Check Out"
  },
  "MYTIMESHEET": {
    "DayCalendar": [
      "Chủ Nhật",
      "Thứ Hai",
      "Thứ Ba",
      "Thứ Tư",
      "Thứ Năm",
      "Thứ Sáu",
      "Thứ Bảy"
    ],
    "Thang": "Tháng",
    "KyCong": "Kỳ Công",
    "MyTimesheet": "Bảng công",
    "WhosLeaveToday": "Người nghỉ phép hôm nay",
    "ListLeaveTop3": "Danh sách nghỉ phép (Top 3)",
    "ListOvertimeTop3": "Danh sách ngoài giờ (Top 3)",
    "ListBussinessTop3": "Danh sách công tác (Top 3)",
    "OneDay": "1 ngày",
    "Days": "Ngày",
    "Holiday": "Ngày lễ/nghỉ tuần",
    "Leave": "Ngày nghỉ phép",
    "Travel": "Ngày công tác",
    "Working": "Ngày công",
    "Missing": "Thiếu check in/out",
    "InOut": "In/Out",
    "Hour": "(h)",
    "MissingCreated": "Đã đăng ký bổ sung quét thẻ",
    "LateEarlyCreated": "Đã đăng ký Đi trễ/về sớm",
    "ExtraDayOffCreated": "Đã đăng ký Nghỉ bù",
    "ExtraWorkDayCreated": "Đã đăng ký Làm bù",
    "MissingAndLateEarlyCreated": "Đã bổ sung quét thẻ và đi trễ/về sớm",
    "MissingAndExtraDayOffCreated": "Đã bổ sung quét thẻ và nghỉ bù",
    "MissingAndExtraWorkDayCreated": "Đã bổ sung quét thẻ và làm bù",
    "LateEarly": "Đi trễ/về sớm",
    "LateEarlyAndMissing": "Thiếu quét thẻ và Đi trễ/về sớm",
    "RedirectPage": "Bạn muốn chuyển đến trang",
    "Current": "Ngày hiện tại",
    "InOutInDay": "Thời gian quét trong ngày",
    "TsKowNameDay": "Loại công trong ngày",
    "ThieuCong": "Thiếu công"
  },
  "MISSINGINOUT": {
    "MissingInOutRequest": "Bổ sung In & Out",
    "New": "Đơn bổ sung chấm công",
    "Detail": "Chi tiết đăng ký bổ sung Chấm công",
    "MissingInOutApprove": "Duyệt bổ sung In & Out",
    "ApproveDetail": "Chi tiết duyệt bổ sung In & Out",
    "Used": "Đã sử dụng",
    "Available": "Hiện có",
    "Infomation": "Thông tin",
    "Status": "Tình trạng",
    "Pending": "Chờ duyệt",
    "Approved": "Đã duyệt",
    "Approve": "Duyệt",
    "Reject": "Không Duyệt",
    "Wait": "Chờ đợi",
    "Cancelled": "Đã hủy",
    "PleaseCancel": "Xin Huỷ",
    "RequestDate": "Ngày đăng ký",
    "Type": "Loại",
    "Time": "Thời gian",
    "Reason": "Lý do",
    "ReasonDestroy": "Lý do xin hủy",
    "ApproveNote": "Ý kiến phê duyệt",
    "WriteDownReason": "Nhập lý do bổ sung chấm công",
    "MissingDate": "Ngày bổ sung",
    "SystemTime": "Hệ thống",
    "ManualTime": "Nhập tay",
    "In1": "In",
    "Out1": "Out",
    "In2": "In2",
    "Out2": "Out2",
    "TimeRoot": "Chấm công thực tế",
    "TimeNew": "Bổ sung chấm công",
    "ShiftName": "Thời gian làm việc",
    "WorkDay": "Ngày làm việc",
    "RequestSuccess": "Đăng ký thành công.",
    "TotalRequestInMonth": "Tổng đăng ký trong tháng",
    "SoMocDaDangKy": "Số lần đã đăng ký bổ sung",
    "ShiftNameDD": "Thời gian ca điều động"
  },
  "MYPAYSTUB": {
    "thang": "Tháng :",
    "mau": "Mẫu :",
    "thongtintitle": "Thông tin tiêu đề",
    "BasicSalary": "Mức lương chính",
    "StandardWD": "Ngày công chuẩn",
    "Coefficient": "HỆ SỐ",
    "AlloGrade": "PHỤ CẤP",
    "Except": "BIỆT LỆ CÔNG",
    "FamilyTaxAmt": "Mức giảm trừ gia cảnh",
    "HIAmountE": "Bảo hiểm y tế",
    "SIAmountE": "Bảo hiểm xã hội",
    "TaxAmount": "Thuế TNCN đóng",
    "TaxIncome": "Thu nhập tính thuế",
    "UIAmountE": "Bảo hiểm thất nghiệp",
    "NetSalVND": "Tổng lương thực nhận cuối tháng",
    "WorkDate": "NGÀY CÔNG",
    "SalaryByWorkDate": "LƯƠNG THEO NGÀY CÔNG",
    "TruTheoQuyDinh": "CÁC KHOẢN TRỪ VÀO LƯƠNG",
    "BietLeCong": "CÁC KHOẢN THU NHẬP KHÁC",
    "BietLeTru": "CÁC KHOẢN KHẤU TRỪ KHÁC",
    "ThucNhan": "THỰC NHẬN",
    "ThongTinNhanVien": "THÔNG TIN PHIẾU LƯƠNG",
    "FullName": "Họ tên",
    "DepartmentName": "Phòng ban/ Đơn vị",
    "JobPosName": "Chức vụ",
    "NgayCong": "CÔNG TRONG THÁNG",
    "LuongTheoCong": "TIỀN LƯƠNG CHI TIẾT THEO CÔNG",
    "KowName": "",
    "DayNum": "",
    "HeSo": "HỆ SỐ DOANH THU",
    "CoeffName": "",
    "PhuCap": "PHỤ CẤP KHÁC",
    "AlloGradeName": "",
    "Amount": "",
    "AmountNonTax": "",
    "ExceptName": "",
    "AmountTax": "",
    "TongLuongTruocThue": "TỔNG THU NHẬP",
    "GrossSalVND": "Tổng lương trước thuế",
    "JobPostName": "Chức vụ"
  },
  "EMPLOYEEATTENDANCE": {
    "Today": "Hôm nay",
    "Present": "Có",
    "Absent": "Vắng",
    "Note": "Ghi chú",
    "RequestLeave": "Đăng ký phép",
    "Approve": "Xét duyệt",
    "Approved": "Đã duyệt",
    "AllDay": "Cả ngày",
    "Office": "Đơn vị",
    "Morning": "Sáng",
    "Afternoon": "Chiều",
    "LeavePeriodOff": "Nghỉ chế độ",
    "LeaveHoliday": "Nghỉ lễ",
    "CancelLeaveRequest": "Bạn cần hủy phiếu đăng ký nghỉ trước khi điểm danh Có mặt",
    "CancelLeaveHoliday": "Đây là ngày nghỉ tuần. Nếu bạn chọn Có mặt, thì sau khi Lưu, bạn có muốn hệ thống sẽ gỡ bỏ thiết lập nghỉ tuần?",
    "OTPeriod": "Tăng ca",
    "Submit": "Xác nhận",
    "MsgmAttendanceSheet_SaveData001": "Vui lòng bổ sung Ngày nghỉ tuần/Đăng ký nghỉ cho các trường hợp Vắng chưa rõ lý do, hoặc Hủy phiếu đăng ký OT nếu là ngày lễ (gọi chung là Không hợp lệ). Hệ thống chỉ lưu các trường hợp hợp lệ."
  },
  "LATEEARLY": {
    "LateEarlyRequest": "Đơn đăng ký đi trễ - về sớm",
    "New": "Đơn Đăng ký đi trễ - về sớm",
    "TypeEarly": "Lý do đi trễ - về sớm",
    "Detail": "Chi tiết đăng ký đi trễ - về sớm",
    "LateEarlyApprove": "Duyệt đi trễ - về sớm",
    "ApproveDetail": "Chi tiết duyệt đi trễ - về sớm",
    "Used": "Đã sử dụng",
    "Available": "Hiện có",
    "Infomation": "Thông tin",
    "Status": "Tình trạng",
    "Pending": "Chờ duyệt",
    "Approved": "Đã duyệt",
    "Approve": "Duyệt",
    "Reject": "Không Duyệt",
    "Wait": "Chờ đợi",
    "Cancelled": "Đã hủy",
    "PleaseCancel": "Xin Huỷ",
    "RequestDate": "Ngày đăng ký",
    "Type": "Loại",
    "Time": "Thời gian",
    "Reason": "Lý do",
    "ReasonDestroy": "Lý do xin hủy",
    "ApproveNote": "Ý kiến phê duyệt",
    "WriteDownReason": "Nhập lý do đi trễ về sớm",
    "MissingDate": "Ngày bổ sung",
    "SystemTime": "Hệ thống",
    "ManualTime": "Nhập tay",
    "In1": "Đi trễ 1",
    "Out1": "Về sớm 1",
    "In2": "Đi trễ 2",
    "Out2": "Về sớm 2",
    "TimeRoot": "Thời gian đi trễ về sớm",
    "TimeNew": "Chi tiết đi trễ về sớm",
    "ShiftName": "Thời gian làm việc",
    "BegDate": "Từ ngày",
    "EndDate": "Đến ngày",
    "KindName": "Loại",
    "In": "Đi trễ",
    "Out": "Về sớm"
  },
  "MANAGER": {
    "EmployeeInfo": "Thông tin NV",
    "PaySlip": "Phiếu lương",
    "Detail": "Chi tiết",
    "Type": "Loại",
    "Subject": "Tiêu đề",
    "Content": "Nội dung"
  },
  "EXTRADAYOFF_REQUEST": {
    "Title": "Đăng ký nghỉ bù",
    "New": "Đơn đăng ký nghỉ bù",
    "Detail": "chi tiết Đơn đăng ký nghỉ bù",
    "Used": "Năm trước",
    "Available": "Năm nay",
    "Infomation": "Thông tin",
    "Status": "Tình trạng",
    "Pending": "Chờ duyệt",
    "Approved": "Đã duyệt",
    "Approve": "Duyệt",
    "Reject": "Không Duyệt",
    "Wait": "Chờ đợi",
    "Cancelled": "Đã hủy",
    "PleaseCancel": "Xin Huỷ",
    "RequestDate": "Ngày đăng ký nghỉ",
    "LeaveDetail": "Thông tin chi tiết",
    "Type": "Loại Nghỉ",
    "Time": "Bắt đầu nghỉ từ",
    "Reason": "Lý do nghỉ",
    "ReasonDestroy": "Lý do xin hủy",
    "WriteDownReasonLeave": "Nhập lý do nghỉ bù",
    "AllDay": "Cả ngày",
    "AllMorning": "Buổi sáng",
    "AllAfternoon": "Buổi chiều",
    "KowCode": "Mã công",
    "DayNum": "Tổng ngày nghỉ"
  },
  "EXTRADAYOFF_APPROVE": {
    "Title": "Duyệt đăng ký nghỉ bù",
    "Detail": "Chi tiết",
    "ApproveNote": "Ý kiến phê duyệt",
    "Cancelled": "Hủy bỏ",
    "Approved": "Đã duyệt",
    "Approve": "Duyệt",
    "KowCode": "Mã công"
  },
  "EXTRAWORKDAY_REQUEST": {
    "numminute": "Số phút",
    "minute": "phút",
    "Title": "Đăng ký làm bù",
    "New": "Đăng ký làm bù",
    "Used": "Năm trước",
    "Available": "Năm nay",
    "Infomation": "Thông tin",
    "Status": "Tình trạng",
    "Pending": "Chờ duyệt",
    "Approved": "Đã duyệt",
    "Approve": "Duyệt",
    "Reject": "Từ chối",
    "Wait": "Chờ đợi",
    "Cancelled": "Đã hủy",
    "PleaseCancel": "Xin Huỷ",
    "RequestDate": "Ngày đăng ký",
    "Detail": "Chi tiết",
    "Type": "Loại",
    "Time": "Thời gian",
    "Reason": "Lý do",
    "ReasonDestroy": "Lý do xin hủy",
    "Note": "Ghi chú",
    "AllDay": "Cả ngày",
    "AllMorning": "Buổi sáng",
    "AllAfternoon": "Buổi chiều",
    "KowCode": "Mã công",
    "Register": "Người đăng ký",
    "WorkDate": "Ngày làm bù",
    "ForDate": "Làm bù cho ngày",
    "HoursNum": "Số giờ",
    "MunitesNum": "Số phút",
    "RealMinDTVS": "Số phút ĐTVS thực tế",
    "EnterWorkDate": "Vui lòng nhập Ngày làm bù",
    "EnterForDate": "Vui lòng nhập Làm bù cho ngày",
    "EnterHourNum": "Vui lòng nhập số giờ",
    "EnterReason": "Vui lòng nhập lý do",
    "LockData": "Ngày làm việc đã nằm trong kỳ công đã khóa",
    "StandardReason": "Lý do(chuẩn)",
    "FromDate": "Từ ngày",
    "ToDate": "Đến ngày",
    "OldShift": "Ca cũ",
    "NewShift": "Ca mới",
    "Isholiday": "Trừ ngày nghỉ lễ",
    "IsSunday": "Trừ ngày nghỉ tuần",
    "ChangeShiftDay": "Ngày đổi ca",
    "ChangedShift": "Đã đổi ca vào ngày này",
    "fixedshiftErr": "Nhân viên phải có làm việc thay đổi",
    "ChuaChonCa": "Chưa chọn ca cần đổi",
    "NoShift": "Ngày này chưa có ca làm việc",
    "ChuaCoCaCu": "Không có ca hiện tại",
    "CaCanDoiKhacCaCu": "Ca cần đổi phải khác ca hiện tại",
    "ChiTiet": "Chi tiết đổi ca",
    "ThietlapCanCoCaCu": "Ngày được chọn không có ca làm việc"
  },
  "CHANGESHIFT_REQUEST": {
    "numminute": "Số phút",
    "minute": "phút",
    "Title": "Đăng ký làm bù",
    "New": "Đăng ký làm bù",
    "Used": "Năm trước",
    "Available": "Năm nay",
    "Infomation": "Thông tin",
    "Status": "Tình trạng",
    "Pending": "Chờ duyệt",
    "Approved": "Đã duyệt",
    "Approve": "Duyệt",
    "Reject": "Từ chối",
    "Wait": "Chờ đợi",
    "Cancelled": "Đã hủy",
    "PleaseCancel": "Xin Huỷ",
    "RequestDate": "Ngày đăng ký",
    "Detail": "Chi tiết",
    "Type": "Loại",
    "Time": "Thời gian",
    "Reason": "Lý do",
    "ReasonDestroy": "Lý do xin hủy",
    "Note": "Ghi chú",
    "AllDay": "Cả ngày",
    "AllMorning": "Buổi sáng",
    "AllAfternoon": "Buổi chiều",
    "KowCode": "Mã công",
    "Register": "Người đăng ký",
    "WorkDate": "Ngày làm bù",
    "ForDate": "Làm bù cho ngày",
    "HoursNum": "Số giờ",
    "MunitesNum": "Số phút",
    "RealMinDTVS": "Số phút ĐTVS thực tế",
    "EnterWorkDate": "Vui lòng nhập Ngày làm bù",
    "EnterForDate": "Vui lòng nhập Làm bù cho ngày",
    "EnterHourNum": "Vui lòng nhập số giờ",
    "EnterReason": "Vui lòng nhập lý do",
    "LockData": "Ngày làm việc đã nằm trong kỳ công đã khóa",
    "StandardReason": "Lý do(chuẩn)",
    "FromDate": "Từ ngày",
    "ToDate": "Đến ngày",
    "OldShift": "Ca cũ",
    "NewShift": "Ca mới",
    "Isholiday": "Trừ ngày nghỉ lễ",
    "IsSunday": "Trừ ngày nghỉ tuần",
    "ChangeShiftDay": "Ngày đổi ca",
    "ChangedShift": "Đã đổi ca vào ngày này",
    "fixedshiftErr": "Nhân viên phải có làm việc thay đổi",
    "ChuaChonCa": "Chưa chọn ca cần đổi",
    "NoShift": "Ngày này chưa có ca làm việc",
    "ChuaCoCaCu": "Không có ca hiện tại",
    "CaCanDoiKhacCaCu": "Ca cần đổi phải khác ca hiện tại",
    "ChiTiet": "Chi tiết đổi ca",
    "ThietlapCanCoCaCu": "Ngày được chọn không có ca làm việc"
  },
  "": {},
  "ERROR": {
    "batbuocnhaplydokhiguiyeucau": "Bắt buộc nhập lý do",
    "msgshift006": "Bắt buộc nhập lý do",
    "MsgMissInOut007": "Số lần bổ sung vượt quá số lần cho phép trong tháng.",
    "msgJobWorkingApply": "Nhân viên không thuộc đối tượng cho phép đăng ký",
    "Err002": "Chưa thiết lập quy trình duyệt",
    "MA_ERR_000": "Không có thông tin nhân viên",
    "MA_ERR_001": "Không tìm thấy cấp duyệt",
    "APINotFound": "Không tìm thấy API",
    "APINotRegistered": "API chưa được đăng ký",
    "ViewIDNotFound": "Không tìm thấy View ID",
    "MsgmAttendanceSheet_SaveData001": "Vui lòng bổ sung Ngày nghỉ tuần/Đăng ký nghỉ cho các trường hợp Vắng chưa rõ lý do, hoặc Hủy phiếu đăng ký OT nếu là ngày lễ (gọi chung là Không hợp lệ). Hệ thống chỉ lưu các trường hợp hợp lệ.",
    "ErrSysTuNgayNamTrongKyCongDaKhoa": "Từ ngày nằm trong kỳ công đã khóa.",
    "ErrSysDenNgayNamTrongKyCongDaKhoa": "Đến ngày nằm trong kỳ công đã khóa.",
    "ErrorBiometrics": "Cảm biến vân tay đã bị tắt. Vui lòng thử lại sau.",
    "CompanyKeyNotFound": "Không tìm thấy thông tin khách hàng",
    "ACCOUNT_NOT_EXISTS": "Tài khoản không tồn tại",
    "SMSOTP_LOGIN_ERROR": "Hệ thống gửi SMS OTP không đăng nhập được",
    "SMSOTP_SENDSMS_ERROR": "Hệ thống không gửi được SMS OTP",
    "SMSOTP_EMPLOYEE_NOT_FOUND": "Tài khoản hoặc số điện thoại không tồn tại",
    "SIGN_IN_GOOGLE_ERROR": "Không thể đăng nhập vào tài khoản Google của bạn.",
    "Please_Login_Again": "Vui lòng đăng nhập lại.",
    "ErrSys005": "Ngày xin phép nằm trong kỳ đã khóa.",
    "ErrSys006": "Phiếu có thời gian xin nghỉ lớn hơn ngày nghỉ việc.",
    "ErrSys007": "Phiếu có thời gian xin nghỉ lớn hơn ngày nghỉ việc và phiếu đã được thực hiện trả phép, bạn không thể hủy phiếu.",
    "ErrSys008": "Bắt buộc nhập lý do",
    "MsgInfoCheckValidateRegExtraDayOff014": "Thời gian xin nghỉ 1 tháng tối đa 2 ngày",
    "msg_DuplicateDeviceID": "Tài khoản đã được đăng nhập ở một thiết bị khác. Vui lòng liên hệ hỗ trợ",
    "OTP_EXPIRED": "Mã OPT đã hết hạn",
    "INVALID_OTP": "Mã OTP không hợp lệ"
  },
  "OTP": {
    "Title": "Xác thực OTP",
    "SubmitOTP": "Xác thực",
    "ResendCode": "Gửi lại",
    "ResendTitle": "Gửi lại mã OTP?",
    "OTPInvalid": "Mã OTP không hợp lệ."
  },
  "QA": {
    "HoiDap": "Hỏi đáp",
    "Question": "Câu hỏi của tôi",
    "Answer": "Giải đáp",
    "SaveSuccess": "Đặt câu hỏi thành công !",
    "Me": "Tôi",
    "Reply": "Trả lời",
    "Seen": "Đã xem",
    "See": "Chưa xem",
    "Hide": "Ẩn trả lời",
    "Satisfied": "Hài lòng",
    "Unsatisfied": "Không hài lòng",
    "Ask": "Tôi cần hỏi về ",
    "QuestionFor": "Đặt câu hỏi",
    "AnswerFor": "Trả lời",
    "Send": "Gửi",
    "PostComment": "Trả lời câu hỏi",
    "ShowMore": "Xem trả lời cũ hơn",
    "ReplyTo": "Trả lời cho",
    "PleaseTopic": "Vui lòng chọn vấn đề để hỏi",
    "PleaseQuestion": "Vui lòng đặt câu hỏi",
    "PleaseAnswer": "Vui lòng ghi câu trả lời",
    "Topic": "Chủ đề"
  },
  "MYREPORT": {
    "NewRecruitReport": "Thống kê tuyển mới",
    "NewRecruitInMonth": "Tuyển mới trong tháng",
    "NewRecruitInYear": "Tuyển mới trong năm",
    "GroupBy": "Nhóm theo",
    "TotalNewRecruitInMonth": "Tổng tuyển mới trong tháng",
    "TotalNewRecruitInYear": "Tổng tuyển mới trong năm",
    "DetailTotalNewRecruitInYearFollowMonth": "Thống kê tuyển mới trong năm theo 12 tháng",
    "NowAvailableReport": "Thống kê hiện có",
    "NowAvailableList": "Danh sách hiện có",
    "General": "Tổng hợp",
    "LaborContract": "Tình trạng hợp đồng lao động",
    "Literacy": "Thống kê trình độ học vấn",
    "Total": "Tổng cộng",
    "Leave": "Nghỉ việc",
    "NewRecruit": "Tuyển mới",
    "Male": "Nam",
    "Female": "Nữ",
    "TotalEmployeeWithGender": "Thống kê nhân viên theo giới tính",
    "TotalRecruit": "Thống kê nhân sự",
    "MissingReport": "Thống kê vắng mặt",
    "MissingList": "Danh sách vắng mặt",
    "MissingInDay": "Vắng mặt trong ngày",
    "MissingInDayBusinessTrip": "Thống kê nhân viên công tác trong ngày",
    "MissingInMonthBusinessTrip": "Thống kê công tác trong tháng",
    "MissingInMonth": "Vắng mặt trong tháng",
    "TotalMissingInDayWithGender": "Thống kê vắng mặt trong ngày theo giới tính",
    "TotalMissingInDayWithKow": "Thống kê vắng mặt trong ngày theo loại công",
    "TotalMissingInMonthWithGender": "Thống kê vắng mặt trong tháng theo giới tính",
    "TotalMissingInMonthWithKow": "Thống kê vắng mặt trong tháng theo loại công",
    "ResignReport": "Thống kê nghỉ việc",
    "ResignList": "Danh sách nghỉ việc",
    "ResignInMonth": "Thống kê nghỉ việc trong tháng",
    "ResignInYear": "Thống kê nghỉ việc trong năm",
    "TotalResignInMonthWithGender": "Báo cáo tỷ lệ nghỉ việc theo giới tính",
    "DetailTotalResignInYearFollowMonth": "Thống kê nghỉ việc trong năm theo 12 tháng",
    "AppointReport": "Thống kê Bổ nhiệm - Điều động",
    "AppointList": "Danh sách Bổ nhiệm - Điều động",
    "AppointInMonth": "Biến động trong tháng",
    "AppointInYear": "Biến động trong năm",
    "AppointInYearBoNhiem": "Báo cáo thăng tiến trong năm",
    "AppointInYearDieuDong": "Báo cáo biến động trong năm",
    "AppointInYearThuyenChuyen": "Báo cáo điều chuyển nội bộ trong năm",
    "AppointInYearMienNhiem": "Biến động trong năm miễn nhiệm",
    "AppointInYearKiemNhiem": "Biến động trong năm kiêm nhiệm",
    "BoNhiem": "Thăng tiến",
    "DieuDong": "Điều động",
    "ThuyenChuyen": "Điều chuyển nội bộ",
    "MienNhiem": "Miễn nhiệm",
    "KiemNhiem": "Kiêm nhiệm",
    "EnterDepartmentLevelCode": "Vui lòng chọn cấp phòng ban",
    "EnterFromDate": "Vui lòng chọn ngày",
    "EnterDowCode": "Vui lòng chọn tháng",
    "Seniority": "Thâm niên làm việc",
    "Different": "Khác"
  },
  "AUTHORIZATION": {
    "Title": "Duyệt thay",
    "New": "Yêu cầu duyệt thay",
    "Detail": "Chi tiết yêu cầu duyệt thay",
    "Infomation": "Thông tin",
    "RegisterDate": "Ngày đăng ký",
    "LeaveDetail": "Chi tiết",
    "Type": "Quy trình duyệt",
    "Reason": "Lý do",
    "WriteDownReasonLeave": "Nhập lý do nghỉ",
    "Register": "Người đăng ký",
    "Appover": "Người duyệt",
    "Substitute": "Người thay thế",
    "EnterProcess": "Vui lòng chọn quy trình duyệt",
    "EnterApprover": "Vui lòng chọn người duyệt",
    "EnterSubstitute": "Vui lòng chọn thay thế",
    "Active": "Active",
    "Lock": "Lock",
    "PleaseCancel": "Hủy"
  },
  "BIOMETRICS": {
    "Hello": "Xin chào!",
    "UnlockWithBiometrics": "Mở khóa bằng vân tay hoặc khuôn mặt",
    "LogOutAccount": "Thoát tài khoản",
    "AlertBiometrics": "Vui lòng sử dụng vân tay hoặc khuôn mặt để mở khoá ứng dụng"
  },
  "DIEUCHINHLUONG": {
    "LOAIDIEUCHINH": "Loại điều chỉnh",
    "DIEUCHINHCHOKYLUONG": "Điều chỉnh cho kỳ lương",
    "LYDO": "Lý do",
    "CHITIETDIEUCHINH": "Chi tiết điều chỉnh",
    "THOIGIANNGHI": "Thời gian nghỉ",
    "SODIEUCHINH": "Số điều chỉnh",
    "NOIDUNGDIEUCHINH": "Nội dung điều chỉnh",
    "LOAICONG": "Loại công",
    "YeuCauDaTonTaiVuiLongChonYeuCauKhac": "Yêu cầu đã tồn tại, vui lòng chọn yêu cầu khác",
    "RequireTypeAdjust": "Bắt buộc nhập Loại điều chỉnh",
    "RequireDowCode": "Bắt buộc nhập Điều chỉnh cho kỳ lương",
    "RequireDetail": "Bắt buộc nhập ít nhất 1 dòng Chi tiết điều chỉnh",
    "RequireKowCode": "Bắt buộc nhập Loại công",
    "RequireLeavePeriod": "Bắt buộc nhập Thời gian nghỉ",
    "RequireFrom": "Bắt buộc nhập Từ ngày",
    "RequireTo": "Bắt buộc nhập Đến ngày",
    "RequireDayNum": "Bắt buộc nhập Số ngày",
    "SLDieuChinh": "Số lượng điều chỉnh",
    "FromToTimeRequire": "Vui lòng nhập từ giờ tới giờ",
    "RequireAttachFile": "Bắt buộc đính kèm file"
  },
  "DXHUONGTROCAP": {
    "LOAITROCAP": "Loại trợ cấp",
    "SOTIEN": "Số tiền",
    "RequireLOAITROCAP": "Vui lòng chọn loại trợ cấp",
    "IvalidAmount": "Số tiền không hợp lệ",
    "TTChiTra": "Tình trạng chi trả",
    "NgayChiTra": "Ngày chi trả",
    "HinhThucTra": "Hình thức chi trả",
    "HinhThucTraRequire": "Vui lòng nhập Hình thức chi trả"
  },
  "DUYETHDLD": {
    "ConTypeName": "Loại hợp đồng",
    "TimeLCCode": "Thời hạn hợp đồng",
    "NgayHieuLuc": "Ngày hiệu lực",
    "Month": "Tháng",
    "LyDo": "LÝ DO",
    "LyDoChiTiet": "Lý do chi tiết",
    "DL2LanGanNhat": "Dữ liệu đánh giá 2 kỳ gần nhất",
    "NhacNho": "Nhắc nhở nhân viên ký HĐLĐ",
    "HDHienTai": "HỢP ĐỒNG HIỆN TẠI",
    "NgayHetHan": "Ngày hết hạn",
    "NamDG": "Năm đánh giá",
    "KySG": "Kỳ đánh giá",
    "DDG": "Điểm đánh giá",
    "XL": "Xếp loại",
    "NX": "Nhận xét",
    "HDDX": "HĐLĐ đề xuất",
    "SoHopDong": "Số hợp đồng",

    "ContractNo": "Số hợp đồng",
    "SignedDate": "Ngày ký",
    "PayForm": "Hình thức trả lương",
    "SignerCode": "Người ký HĐLĐ",
    "SignerNationCode": "Quốc tịch người ký",
    "SignerJobPosCode": "Chức vụ người ký",
    "TryFrom": "Thử việc từ ngày",
    "TryTo": "Thử việc đến ngày",
    "HourWork": "Thời gian làm việc",
    "Transport": "Phương tiện đi lại",
    "MainWork": "Công việc chính",
    "Kind": "Là HĐLĐ phụ",
    "SignedCompany": "Công ty ký HĐLĐ phụ",
    "Status": "Tình trạng ký HĐLĐ phụ",
    "SalaryAmount": "Mức lương đề xuất",
    "Confirm": "Xác nhận",
    "ApproveNoteRequire": "Bắt buộc nhập ý kiến phê duyệt",
    "ContractNoRequire": "Vui lòng nhập số hợp đồng",
    "SignedDateRequire": "Vui lòng nhập ngày ký",
    "ContTypeRequire": "Vui chọn loại hợp đồng",
    "TimeLBCRequire": "Vui lòng chọn thời hạn hợp đồng",
    "ContFromRequire": "Vui chọn ngày hiệu lực hợp đồng",
    "SendBack": "Trả làm lại"
  },
  "RegMultiRow": {
    "RegDetail": "Chi tiết đăng ký"
  }
}
